Ref,Val,Package,PosX,PosY,Rot,Side
"C1","470uF 25V","CP_Elec_10x10.5",218.000000,-66.000000,0.000000,top
"C2","100nF","C_0603_1608Metric",218.000000,-76.000000,0.000000,top
"CI1","10uF X7R","C_0805_2012Metric",203.000000,-192.000000,0.000000,top
"J2","DC jack","PJ-082BH_jack_10A",251.700000,-61.170000,-90.000000,top
"J6","screw bridge","screw_brigde",228.680000,-93.980000,-90.000000,top
"JP1","0R","R_0805_2012Metric",133.000000,-160.000000,0.000000,top
"JP2","0R","R_0805_2012Metric",195.000000,-260.000000,0.000000,top
"JP3","0R","R_0805_2012Metric",227.000000,-260.000000,0.000000,top
"JP4","0R","R_0805_2012Metric",99.000000,-260.000000,0.000000,top
"JP5","0R","R_0805_2012Metric",131.000000,-260.000000,0.000000,top
"JP6","0R","R_0805_2012Metric",163.000000,-260.000000,0.000000,top
"M1","U2D2","u2d2_mounting",49.000000,-56.660000,0.000000,top
"R103","100R","R_0805_2012Metric",186.000000,-260.000000,0.000000,top
"R203","100R","R_0805_2012Metric",218.000000,-260.000000,0.000000,top
"R303","100R","R_0805_2012Metric",90.000000,-260.000000,0.000000,top
"R403","100R","R_0805_2012Metric",122.000000,-260.000000,0.000000,top
"R503","100R","R_0805_2012Metric",154.000000,-260.000000,0.000000,top
"RA1","330R","R_0603_1608Metric",204.000000,-165.000000,0.000000,top
"RA2","330R","R_0603_1608Metric",204.000000,-170.000000,0.000000,top
"RI1","4K7","R_0603_1608Metric",203.000000,-184.000000,0.000000,top
"RI2","4K7","R_0603_1608Metric",203.000000,-188.000000,0.000000,top
"RL1","100K","R_0603_1608Metric",90.000000,-255.000000,0.000000,top
"RL2","100K","R_0603_1608Metric",122.000000,-255.000000,0.000000,top
"RL3","100K","R_0603_1608Metric",154.000000,-255.000000,0.000000,top
"RL4","100K","R_0603_1608Metric",186.000000,-255.000000,0.000000,top
"RL5","100K","R_0603_1608Metric",218.000000,-255.000000,0.000000,top
"RN1","330R","R_0603_1608Metric",204.000000,-125.000000,0.000000,top
"RN2","330R","R_0603_1608Metric",204.000000,-130.000000,0.000000,top
"RN3","330R","R_0603_1608Metric",204.000000,-135.000000,0.000000,top
"RN4","330R","R_0603_1608Metric",204.000000,-140.000000,0.000000,top
"RN5","330R","R_0603_1608Metric",204.000000,-145.000000,0.000000,top
"RN6","330R","R_0603_1608Metric",204.000000,-150.000000,0.000000,top
"RN7","330R","R_0603_1608Metric",204.000000,-155.000000,0.000000,top
"RND1","100K","R_0603_1608Metric",211.000000,-125.000000,90.000000,top
"RND2","100K","R_0603_1608Metric",211.000000,-130.000000,90.000000,top
"RND3","100K","R_0603_1608Metric",211.000000,-135.000000,90.000000,top
"RND4","100K","R_0603_1608Metric",211.000000,-140.000000,90.000000,top
"RND5","100K","R_0603_1608Metric",211.000000,-145.000000,90.000000,top
"RND6","100K","R_0603_1608Metric",211.000000,-150.000000,90.000000,top
"RND7","100K","R_0603_1608Metric",211.000000,-155.000000,90.000000,top
"RP1","10K provisional","R_0603_1608Metric",144.000000,-171.000000,90.000000,top
"RP2","10K provisional","R_0603_1608Metric",153.000000,-171.000000,90.000000,top
"RP3","10K provisional","R_0603_1608Metric",162.000000,-171.000000,90.000000,top
"RP4","10K provisional","R_0603_1608Metric",171.000000,-171.000000,90.000000,top
"RP5","10K provisional","R_0603_1608Metric",180.000000,-171.000000,90.000000,top
"RP6","10K provisional","R_0603_1608Metric",189.000000,-171.000000,90.000000,top
"RP7","10K provisional","R_0603_1608Metric",144.000000,-178.000000,90.000000,top
"RP8","10K provisional","R_0603_1608Metric",153.000000,-178.000000,90.000000,top
"RP9","10K provisional","R_0603_1608Metric",162.000000,-178.000000,90.000000,top
"RP10","10K provisional","R_0603_1608Metric",171.000000,-178.000000,90.000000,top
"RP11","10K provisional","R_0603_1608Metric",180.000000,-178.000000,90.000000,top
"RS1","10K","R_0603_1608Metric",202.000000,-115.000000,0.000000,top
