Card,R3=R4 ohm,R5=R6 ohm,Sweet min Hz,Sweet max Hz,Allowed min Hz,Allowed max Hz
177,82500.0,105000.0,106,150,88,177
250,57600.0,75000.0,150,212,125,250
354,41200.0,52300.00000000001,212,301,177,354
500,29400.0,37400.0,300,425,250,500
707,20500.0,26700.0,424,601,354,707
1000,14700.0,18700.0,600,850,500,1000
1414,10200.0,13300.0,849,1202,707,1414
2000,7320.0,9310.0,1200,1700,1000,2000
2828,5110.0,6650.0,1697,2404,1414,2828
4000,3650.0,4640.0,2400,3400,2000,4000
5657,2550.0,3320.0,3394,4808,2828,5657
8000,1820.0,2320.0,4800,6800,4000,8000
11314,1270.0,1650.0,6788,9617,5657,11314
