Reference,Value,Footprint,Manufacturer part / purchase description,Assembly,Notes
A1,Arduino Mega 2560,Colloquy:Arduino_Mega2560_R3_Shield,,fit,"carried as a shield, as now"
M1,U2D2,Colloquy:u2d2_mounting,,fit,on its own mount; only the Dynamixel data line touches it
J2,DC jack,Colloquy:PJ-082BH_jack_10A,,fit,supply in
J6,screw bridge,Colloquy:screw_brigde,,fit,jack onto the board rail
J7,JST EH 3,Colloquy:JST_EH_B3B-EH-A_1x03_P2.50mm_Vertical,,fit,"GND, +12V and the servo bus in"
C1,470uF 25V,Colloquy:CP_Elec_10x10.5,EEE-FK1E471P,fit,25V SMD aluminium electrolytic; positive pad 1
C2,100nF,Colloquy:C_0603_1608Metric,,fit,"decoupling, on the board's own +5V"
JP1,0R,Colloquy:R_1206_3216Metric,,fit,the single point where analogue ground meets power ground
J5,DSUB-15,Colloquy:DSUB-15_Pins_Horizontal_P2.77x2.84mm_EdgePinOffset4.94mm_Housed_MountingHolesOffset4.94mm,,fit,"DSUB-15, fixed by the supplier"
J1,DSUB-15,Colloquy:DSUB-15_Pins_Horizontal_P2.77x2.84mm_EdgePinOffset4.94mm_Housed_MountingHolesOffset4.94mm,,fit,"DSUB-15, fixed by the supplier"
A-J3,DSUB-15,Colloquy:DSUB-15_Pins_Horizontal_P2.77x2.84mm_EdgePinOffset4.94mm_Housed_MountingHolesOffset4.94mm,,fit,"DSUB-15, fixed by the supplier"
B-J4,DSUB-15,Colloquy:DSUB-15_Pins_Horizontal_P2.77x2.84mm_EdgePinOffset4.94mm_Housed_MountingHolesOffset4.94mm,,fit,"DSUB-15, fixed by the supplier - CARRIES NO POWER, silkscreen it"
Extra2,1x6 header,Colloquy:PinHeader_1x06_P2.54mm_Vertical,,fit,female1's six spare conductors
Extra1,1x6 header,Colloquy:PinHeader_1x06_P2.54mm_Vertical,,fit,female2's six spare conductors
Extra3,1x1 pad,Colloquy:PinHeader_1x01_P2.54mm_Vertical,,fit,B-J4's single spare conductor - the males have no others
R301,1K2,Colloquy:R_0603_1608Metric,,fit,"1000 Hz low-pass, first stage"
R302,1K2,Colloquy:R_0603_1608Metric,,fit,"1000 Hz low-pass, second stage"
C301,150nF PPS 5%,Colloquy:PPS_6041,ECHU1H154JX9,fit,"5% PPS film, Panasonic ECHU(X), 6041 lands; do not substitute X7R"
C302,150nF PPS 5%,Colloquy:PPS_6041,ECHU1H154JX9,fit,"5% PPS film, Panasonic ECHU(X), 6041 lands; do not substitute X7R"
R303,100R,Colloquy:R_0805_2012Metric,,fit,female1 build-out into the harness
JP4,0R,Colloquy:R_1206_3216Metric,,fit,female1 audio return onto analogue ground
R401,1K8,Colloquy:R_0603_1608Metric,,fit,"2500 Hz low-pass, first stage"
R402,1K8,Colloquy:R_0603_1608Metric,,fit,"2500 Hz low-pass, second stage"
C401,47nF C0G 5%,Colloquy:C_1206_3216Metric,,fit,"C0G/NP0 5%, >=25V; do not substitute X7R"
C402,47nF C0G 5%,Colloquy:C_1206_3216Metric,,fit,"C0G/NP0 5%, >=25V; do not substitute X7R"
R403,100R,Colloquy:R_0805_2012Metric,,fit,female2 build-out into the harness
JP5,0R,Colloquy:R_1206_3216Metric,,fit,female2 audio return onto analogue ground
R501,2K2,Colloquy:R_0603_1608Metric,,fit,"6250 Hz low-pass, first stage"
R502,2K2,Colloquy:R_0603_1608Metric,,fit,"6250 Hz low-pass, second stage"
C501,10nF C0G 5%,Colloquy:C_1206_3216Metric,,fit,"C0G/NP0 5%, >=25V; do not substitute X7R"
C502,10nF C0G 5%,Colloquy:C_1206_3216Metric,,fit,"C0G/NP0 5%, >=25V; do not substitute X7R"
R503,100R,Colloquy:R_0805_2012Metric,,fit,female3 build-out into the harness
JP6,0R,Colloquy:R_1206_3216Metric,,fit,female3 audio return onto analogue ground
R101,2K2,Colloquy:R_0603_1608Metric,,fit,"160 Hz low-pass, first stage"
R102,2K2,Colloquy:R_0603_1608Metric,,fit,"160 Hz low-pass, second stage"
C101,220nF PPS 5%,Colloquy:PPS_6041,ECHU1H224JX9,fit,"5% PPS film, Panasonic ECHU(X), 6041 lands; do not substitute X7R"
C102,220nF PPS 5%,Colloquy:PPS_6041,ECHU1H224JX9,fit,"5% PPS film, Panasonic ECHU(X), 6041 lands; do not substitute X7R"
R103,100R,Colloquy:R_0805_2012Metric,,fit,male1 build-out into the harness
JP2,0R,Colloquy:R_1206_3216Metric,,fit,male1 audio return onto analogue ground
R201,2K,Colloquy:R_0603_1608Metric,,fit,"400 Hz low-pass, first stage"
R202,2K,Colloquy:R_0603_1608Metric,,fit,"400 Hz low-pass, second stage"
C201,220nF PPS 5%,Colloquy:PPS_6041,ECHU1H224JX9,fit,"5% PPS film, Panasonic ECHU(X), 6041 lands; do not substitute X7R"
C202,220nF PPS 5%,Colloquy:PPS_6041,ECHU1H224JX9,fit,"5% PPS film, Panasonic ECHU(X), 6041 lands; do not substitute X7R"
R203,100R,Colloquy:R_0805_2012Metric,,fit,male2 build-out into the harness
JP3,0R,Colloquy:R_1206_3216Metric,,fit,male2 audio return onto analogue ground
U3,MSGEQ7N,Colloquy:SOIC-8_3.9x4.9mm_P1.27mm,,fit,"female1 MSGEQ7N; pin6 is internal 2.5V reference, NEVER ground directly"
R311,47K,Colloquy:R_0603_1608Metric,,fit,Microphone attenuator series: default 0.126 gain with 6K8 shunt
C312,100nF,Colloquy:C_0603_1608Metric,,fit,AC input coupling; passes 63Hz and above with internal 1Mohm bias
R313,200K 1%,Colloquy:R_0603_1608Metric,,fit,MSGEQ7 clock resistor; keep adjacent to pin8
C314,33pF C0G,Colloquy:C_0603_1608Metric,,fit,MSGEQ7 clock capacitor; 33pF includes stray capacitance
C315,100nF,Colloquy:C_0603_1608Metric,,fit,"Local MSGEQ7 supply bypass, close to pins1 and2"
U4,MSGEQ7N,Colloquy:SOIC-8_3.9x4.9mm_P1.27mm,,fit,"female2 MSGEQ7N; pin6 is internal 2.5V reference, NEVER ground directly"
R411,47K,Colloquy:R_0603_1608Metric,,fit,Microphone attenuator series: default 0.126 gain with 6K8 shunt
C412,100nF,Colloquy:C_0603_1608Metric,,fit,AC input coupling; passes 63Hz and above with internal 1Mohm bias
R413,200K 1%,Colloquy:R_0603_1608Metric,,fit,MSGEQ7 clock resistor; keep adjacent to pin8
C414,33pF C0G,Colloquy:C_0603_1608Metric,,fit,MSGEQ7 clock capacitor; 33pF includes stray capacitance
C415,100nF,Colloquy:C_0603_1608Metric,,fit,"Local MSGEQ7 supply bypass, close to pins1 and2"
U5,MSGEQ7N,Colloquy:SOIC-8_3.9x4.9mm_P1.27mm,,fit,"female3 MSGEQ7N; pin6 is internal 2.5V reference, NEVER ground directly"
R511,47K,Colloquy:R_0603_1608Metric,,fit,Microphone attenuator series: default 0.126 gain with 6K8 shunt
C512,100nF,Colloquy:C_0603_1608Metric,,fit,AC input coupling; passes 63Hz and above with internal 1Mohm bias
R513,200K 1%,Colloquy:R_0603_1608Metric,,fit,MSGEQ7 clock resistor; keep adjacent to pin8
C514,33pF C0G,Colloquy:C_0603_1608Metric,,fit,MSGEQ7 clock capacitor; 33pF includes stray capacitance
C515,100nF,Colloquy:C_0603_1608Metric,,fit,"Local MSGEQ7 supply bypass, close to pins1 and2"
U1,MSGEQ7N,Colloquy:SOIC-8_3.9x4.9mm_P1.27mm,,fit,"male1 MSGEQ7N; pin6 is internal 2.5V reference, NEVER ground directly"
R111,47K,Colloquy:R_0603_1608Metric,,fit,Microphone attenuator series: default 0.126 gain with 6K8 shunt
C112,100nF,Colloquy:C_0603_1608Metric,,fit,AC input coupling; passes 63Hz and above with internal 1Mohm bias
R113,200K 1%,Colloquy:R_0603_1608Metric,,fit,MSGEQ7 clock resistor; keep adjacent to pin8
C114,33pF C0G,Colloquy:C_0603_1608Metric,,fit,MSGEQ7 clock capacitor; 33pF includes stray capacitance
C115,100nF,Colloquy:C_0603_1608Metric,,fit,"Local MSGEQ7 supply bypass, close to pins1 and2"
U2,MSGEQ7N,Colloquy:SOIC-8_3.9x4.9mm_P1.27mm,,fit,"male2 MSGEQ7N; pin6 is internal 2.5V reference, NEVER ground directly"
R211,47K,Colloquy:R_0603_1608Metric,,fit,Microphone attenuator series: default 0.126 gain with 6K8 shunt
C212,100nF,Colloquy:C_0603_1608Metric,,fit,AC input coupling; passes 63Hz and above with internal 1Mohm bias
R213,200K 1%,Colloquy:R_0603_1608Metric,,fit,MSGEQ7 clock resistor; keep adjacent to pin8
C214,33pF C0G,Colloquy:C_0603_1608Metric,,fit,MSGEQ7 clock capacitor; 33pF includes stray capacitance
C215,100nF,Colloquy:C_0603_1608Metric,,fit,"Local MSGEQ7 supply bypass, close to pins1 and2"
RN1,330R,Colloquy:R_0805_2012Metric,,fit,series on female1/neopixel
RN2,330R,Colloquy:R_0805_2012Metric,,fit,series on female2/neopixel
RN3,330R,Colloquy:R_0805_2012Metric,,fit,series on female3/neopixel
RN4,330R,Colloquy:R_0805_2012Metric,,fit,series on male1/neopixel
RN5,330R,Colloquy:R_0805_2012Metric,,fit,series on male2/neopixel
RN6,330R,Colloquy:R_0805_2012Metric,,fit,series on male1/bar neopixel
RN7,330R,Colloquy:R_0805_2012Metric,,fit,series on male2/bar neopixel
RP1,10K provisional,Colloquy:R_1206_3216Metric,,provisional_10k_calibrate,Provisional photosensor shunt; replace with measured calibration value before deployment
RP2,10K provisional,Colloquy:R_1206_3216Metric,,provisional_10k_calibrate,Provisional photosensor shunt; replace with measured calibration value before deployment
RP3,10K provisional,Colloquy:R_1206_3216Metric,,provisional_10k_calibrate,Provisional photosensor shunt; replace with measured calibration value before deployment
RP4,10K provisional,Colloquy:R_1206_3216Metric,,provisional_10k_calibrate,Provisional photosensor shunt; replace with measured calibration value before deployment
RP5,10K provisional,Colloquy:R_1206_3216Metric,,provisional_10k_calibrate,Provisional photosensor shunt; replace with measured calibration value before deployment
RP6,10K provisional,Colloquy:R_1206_3216Metric,,provisional_10k_calibrate,Provisional photosensor shunt; replace with measured calibration value before deployment
RP7,10K provisional,Colloquy:R_1206_3216Metric,,provisional_10k_calibrate,Provisional photosensor shunt; replace with measured calibration value before deployment
RP8,10K provisional,Colloquy:R_1206_3216Metric,,provisional_10k_calibrate,Provisional photosensor shunt; replace with measured calibration value before deployment
RP9,10K provisional,Colloquy:R_1206_3216Metric,,provisional_10k_calibrate,Provisional photosensor shunt; replace with measured calibration value before deployment
RP10,10K provisional,Colloquy:R_1206_3216Metric,,provisional_10k_calibrate,Provisional photosensor shunt; replace with measured calibration value before deployment
RP11,10K provisional,Colloquy:R_1206_3216Metric,,provisional_10k_calibrate,Provisional photosensor shunt; replace with measured calibration value before deployment
RS1,10K,Colloquy:R_0603_1608Metric,,fit,Reserved D2 pullup to logic rail; prevents external +5V back-powering Mega
RA1,330R,Colloquy:R_0805_2012Metric,,fit,male1 aux conductor - state LED or mute
RA2,330R,Colloquy:R_0805_2012Metric,,fit,male2 aux conductor - state LED or mute
C116,100nF,Colloquy:C_0603_1608Metric,,fit,Pin6 internal reference bypass; not a connection to board ground
R116,6K8,Colloquy:R_0603_1608Metric,,fit,Microphone attenuator shunt; >=5K load even when bypass selected
C216,100nF,Colloquy:C_0603_1608Metric,,fit,Pin6 internal reference bypass; not a connection to board ground
R216,6K8,Colloquy:R_0603_1608Metric,,fit,Microphone attenuator shunt; >=5K load even when bypass selected
C316,100nF,Colloquy:C_0603_1608Metric,,fit,Pin6 internal reference bypass; not a connection to board ground
R316,6K8,Colloquy:R_0603_1608Metric,,fit,Microphone attenuator shunt; >=5K load even when bypass selected
C416,100nF,Colloquy:C_0603_1608Metric,,fit,Pin6 internal reference bypass; not a connection to board ground
R416,6K8,Colloquy:R_0603_1608Metric,,fit,Microphone attenuator shunt; >=5K load even when bypass selected
C516,100nF,Colloquy:C_0603_1608Metric,,fit,Pin6 internal reference bypass; not a connection to board ground
R516,6K8,Colloquy:R_0603_1608Metric,,fit,Microphone attenuator shunt; >=5K load even when bypass selected
CF101,220nF PPS 5%,Colloquy:PPS_6041,ECHU1H224JX9,fit,Parallel with C101: 220nF + 220nF + 30nF = 470nF
CF111,30nF C0G 5%,Colloquy:C_1206_3216Metric,,fit,Parallel with C101: 220nF + 220nF + 30nF = 470nF
CF102,220nF PPS 5%,Colloquy:PPS_6041,ECHU1H224JX9,fit,Parallel with C102: 220nF + 220nF + 30nF = 470nF
CF112,30nF C0G 5%,Colloquy:C_1206_3216Metric,,fit,Parallel with C102: 220nF + 220nF + 30nF = 470nF
JT1,Teensy 4.1 LEFT,Colloquy:PinSocket_1x24_P2.54mm_Vertical,1x24 2.54mm female socket,fit,USB north. Physical socket pad numbers are not Teensy GPIO numbers.
JT2,Teensy 4.1 RIGHT,Colloquy:PinSocket_1x24_P2.54mm_Vertical,1x24 2.54mm female socket,fit,USB north. Physical socket pad numbers are not Teensy GPIO numbers.
RT1,33R,Colloquy:R_0603_1608Metric,,fit,Source termination at Teensy socket
RT2,33R,Colloquy:R_0603_1608Metric,,fit,Source termination at Teensy socket
RT3,33R,Colloquy:R_0603_1608Metric,,fit,Source termination at Teensy socket
RT4,33R,Colloquy:R_0603_1608Metric,,fit,Source termination at Teensy socket
RT5,33R,Colloquy:R_0603_1608Metric,,fit,Source termination at Teensy socket
RT6,10K,Colloquy:R_0603_1608Metric,,fit,Hardware mute during boot/reset/empty socket
CT1,100nF,Colloquy:C_0603_1608Metric,,fit,Local bypass/filter capacitor; >=16V unless stated
CT2,10uF,Colloquy:C_0805_2012Metric,,fit,Local bypass/filter capacitor; >=16V unless stated
UL1,TLV75533PDBVR,Colloquy:SOT-23-5,TLV75533PDBVR,fit,500mA LDO; EN tied to input; input/output capacitors required
CL1,10uF,Colloquy:C_0805_2012Metric,,fit,Local bypass/filter capacitor; >=16V unless stated
CL2,10uF,Colloquy:C_0805_2012Metric,,fit,Local bypass/filter capacitor; >=16V unless stated
UD1,PCM5102APWR,Colloquy:TSSOP-20_4.4x6.5mm_P0.65mm,PCM5102APWR,fit,3-wire I2S; SCK/FMT/FLT/DEMP grounded. All ground pins use local AGND.
CD11,100nF,Colloquy:C_0603_1608Metric,,fit,Local bypass/filter capacitor; >=16V unless stated
CD12,10uF,Colloquy:C_0805_2012Metric,,fit,Local bypass/filter capacitor; >=16V unless stated
CD13,100nF,Colloquy:C_0603_1608Metric,,fit,Local bypass/filter capacitor; >=16V unless stated
CD14,10uF,Colloquy:C_0805_2012Metric,,fit,Local bypass/filter capacitor; >=16V unless stated
CD15,100nF,Colloquy:C_0603_1608Metric,,fit,Local bypass/filter capacitor; >=16V unless stated
CD16,10uF,Colloquy:C_0805_2012Metric,,fit,Local bypass/filter capacitor; >=16V unless stated
CD17,2.2uF,Colloquy:C_0805_2012Metric,,fit,Local bypass/filter capacitor; >=16V unless stated
CD18,2.2uF,Colloquy:C_0805_2012Metric,,fit,Local bypass/filter capacitor; >=16V unless stated
CD19,100nF,Colloquy:C_0603_1608Metric,,fit,Local bypass/filter capacitor; >=16V unless stated
RD11,470R,Colloquy:R_0603_1608Metric,,fit,
CD110,2.2nF C0G,Colloquy:C_0603_1608Metric,,fit,Local bypass/filter capacitor; >=16V unless stated
RD12,470R,Colloquy:R_0603_1608Metric,,fit,
CD111,2.2nF C0G,Colloquy:C_0603_1608Metric,,fit,Local bypass/filter capacitor; >=16V unless stated
UD2,PCM5102APWR,Colloquy:TSSOP-20_4.4x6.5mm_P0.65mm,PCM5102APWR,fit,3-wire I2S; SCK/FMT/FLT/DEMP grounded. All ground pins use local AGND.
CD21,100nF,Colloquy:C_0603_1608Metric,,fit,Local bypass/filter capacitor; >=16V unless stated
CD22,10uF,Colloquy:C_0805_2012Metric,,fit,Local bypass/filter capacitor; >=16V unless stated
CD23,100nF,Colloquy:C_0603_1608Metric,,fit,Local bypass/filter capacitor; >=16V unless stated
CD24,10uF,Colloquy:C_0805_2012Metric,,fit,Local bypass/filter capacitor; >=16V unless stated
CD25,100nF,Colloquy:C_0603_1608Metric,,fit,Local bypass/filter capacitor; >=16V unless stated
CD26,10uF,Colloquy:C_0805_2012Metric,,fit,Local bypass/filter capacitor; >=16V unless stated
CD27,2.2uF,Colloquy:C_0805_2012Metric,,fit,Local bypass/filter capacitor; >=16V unless stated
CD28,2.2uF,Colloquy:C_0805_2012Metric,,fit,Local bypass/filter capacitor; >=16V unless stated
CD29,100nF,Colloquy:C_0603_1608Metric,,fit,Local bypass/filter capacitor; >=16V unless stated
RD21,470R,Colloquy:R_0603_1608Metric,,fit,
CD210,2.2nF C0G,Colloquy:C_0603_1608Metric,,fit,Local bypass/filter capacitor; >=16V unless stated
RD22,470R,Colloquy:R_0603_1608Metric,,fit,
CD211,2.2nF C0G,Colloquy:C_0603_1608Metric,,fit,Local bypass/filter capacitor; >=16V unless stated
UD3,PCM5102APWR,Colloquy:TSSOP-20_4.4x6.5mm_P0.65mm,PCM5102APWR,fit,3-wire I2S; SCK/FMT/FLT/DEMP grounded. All ground pins use local AGND.
CD31,100nF,Colloquy:C_0603_1608Metric,,fit,Local bypass/filter capacitor; >=16V unless stated
CD32,10uF,Colloquy:C_0805_2012Metric,,fit,Local bypass/filter capacitor; >=16V unless stated
CD33,100nF,Colloquy:C_0603_1608Metric,,fit,Local bypass/filter capacitor; >=16V unless stated
CD34,10uF,Colloquy:C_0805_2012Metric,,fit,Local bypass/filter capacitor; >=16V unless stated
CD35,100nF,Colloquy:C_0603_1608Metric,,fit,Local bypass/filter capacitor; >=16V unless stated
CD36,10uF,Colloquy:C_0805_2012Metric,,fit,Local bypass/filter capacitor; >=16V unless stated
CD37,2.2uF,Colloquy:C_0805_2012Metric,,fit,Local bypass/filter capacitor; >=16V unless stated
CD38,2.2uF,Colloquy:C_0805_2012Metric,,fit,Local bypass/filter capacitor; >=16V unless stated
CD39,100nF,Colloquy:C_0603_1608Metric,,fit,Local bypass/filter capacitor; >=16V unless stated
RD31,470R,Colloquy:R_0603_1608Metric,,fit,
CD310,2.2nF C0G,Colloquy:C_0603_1608Metric,,fit,Local bypass/filter capacitor; >=16V unless stated
RD32,470R,Colloquy:R_0603_1608Metric,,fit,
CD311,2.2nF C0G,Colloquy:C_0603_1608Metric,,fit,Local bypass/filter capacitor; >=16V unless stated
JB1,BENCH MIC GND +5V SIGNAL,Colloquy:JST_EH_B3B-EH-A_1x03_P2.50mm_Vertical,BENCH MIC GND +5V SIGNAL,fit,Matches female base microphone connector
JB2,BENCH LINE / AGND,Colloquy:JST_EH_B2B-EH-A_1x02_P2.50mm_Vertical,BENCH LINE / AGND,fit,"Line level only; powered speaker, not a passive speaker"
RE11,10K 1%,Colloquy:R_0603_1608Metric,,fit,
RE12,10K 1%,Colloquy:R_0603_1608Metric,,fit,
CE11,2.2nF C0G,Colloquy:C_0603_1608Metric,,fit,Local bypass/filter capacitor; >=16V unless stated
CE12,1nF C0G,Colloquy:C_0603_1608Metric,,fit,Local bypass/filter capacitor; >=16V unless stated
RE13,100R,Colloquy:R_0603_1608Metric,,fit,
CE13,1nF C0G,Colloquy:C_0603_1608Metric,,fit,Local bypass/filter capacitor; >=16V unless stated
RE21,10K 1%,Colloquy:R_0603_1608Metric,,fit,
RE22,10K 1%,Colloquy:R_0603_1608Metric,,fit,
CE21,2.2nF C0G,Colloquy:C_0603_1608Metric,,fit,Local bypass/filter capacitor; >=16V unless stated
CE22,1nF C0G,Colloquy:C_0603_1608Metric,,fit,Local bypass/filter capacitor; >=16V unless stated
RE23,100R,Colloquy:R_0603_1608Metric,,fit,
CE23,1nF C0G,Colloquy:C_0603_1608Metric,,fit,Local bypass/filter capacitor; >=16V unless stated
RE31,10K 1%,Colloquy:R_0603_1608Metric,,fit,
RE32,10K 1%,Colloquy:R_0603_1608Metric,,fit,
CE31,2.2nF C0G,Colloquy:C_0603_1608Metric,,fit,Local bypass/filter capacitor; >=16V unless stated
CE32,1nF C0G,Colloquy:C_0603_1608Metric,,fit,Local bypass/filter capacitor; >=16V unless stated
RE33,100R,Colloquy:R_0603_1608Metric,,fit,
CE33,1nF C0G,Colloquy:C_0603_1608Metric,,fit,Local bypass/filter capacitor; >=16V unless stated
UE1,MCP6004-I/SL,Colloquy:SOIC-14_3.9x8.7mm_P1.27mm,MCP6004-I/SL,fit,3 unity gain Sallen-Key filters and one grounded spare follower
UX1,TMUX1511PWR,Colloquy:TSSOP-14_4.4x5mm_P0.65mm,TMUX1511PWR,fit,"Powered-off protection; six ears always enabled when Teensy rail is present, independent of MODE"
CX1,100nF,Colloquy:C_0603_1608Metric,,fit,Local bypass/filter capacitor; >=16V unless stated
CU1,100nF,Colloquy:C_0603_1608Metric,,fit,Local bypass/filter capacitor; >=16V unless stated
RE41,10K 1%,Colloquy:R_0603_1608Metric,,fit,
RE42,10K 1%,Colloquy:R_0603_1608Metric,,fit,
CE41,2.2nF C0G,Colloquy:C_0603_1608Metric,,fit,Local bypass/filter capacitor; >=16V unless stated
CE42,1nF C0G,Colloquy:C_0603_1608Metric,,fit,Local bypass/filter capacitor; >=16V unless stated
RE43,100R,Colloquy:R_0603_1608Metric,,fit,
CE43,1nF C0G,Colloquy:C_0603_1608Metric,,fit,Local bypass/filter capacitor; >=16V unless stated
RE51,10K 1%,Colloquy:R_0603_1608Metric,,fit,
RE52,10K 1%,Colloquy:R_0603_1608Metric,,fit,
CE51,2.2nF C0G,Colloquy:C_0603_1608Metric,,fit,Local bypass/filter capacitor; >=16V unless stated
CE52,1nF C0G,Colloquy:C_0603_1608Metric,,fit,Local bypass/filter capacitor; >=16V unless stated
RE53,100R,Colloquy:R_0603_1608Metric,,fit,
CE53,1nF C0G,Colloquy:C_0603_1608Metric,,fit,Local bypass/filter capacitor; >=16V unless stated
RE61,10K 1%,Colloquy:R_0603_1608Metric,,fit,
RE62,10K 1%,Colloquy:R_0603_1608Metric,,fit,
CE61,2.2nF C0G,Colloquy:C_0603_1608Metric,,fit,Local bypass/filter capacitor; >=16V unless stated
CE62,1nF C0G,Colloquy:C_0603_1608Metric,,fit,Local bypass/filter capacitor; >=16V unless stated
RE63,100R,Colloquy:R_0603_1608Metric,,fit,
CE63,1nF C0G,Colloquy:C_0603_1608Metric,,fit,Local bypass/filter capacitor; >=16V unless stated
UE2,MCP6004-I/SL,Colloquy:SOIC-14_3.9x8.7mm_P1.27mm,MCP6004-I/SL,fit,3 unity gain Sallen-Key filters and one grounded spare follower
UX2,TMUX1511PWR,Colloquy:TSSOP-14_4.4x5mm_P0.65mm,TMUX1511PWR,fit,"Powered-off protection; six ears always enabled when Teensy rail is present, independent of MODE"
CX2,100nF,Colloquy:C_0603_1608Metric,,fit,Local bypass/filter capacitor; >=16V unless stated
CU2,100nF,Colloquy:C_0603_1608Metric,,fit,Local bypass/filter capacitor; >=16V unless stated
K1,G6K-2F-Y DC5,Colloquy:Relay_DPDT_Omron_G6K-2F-Y,G6K-2F-Y DC5,fit,"Non-latching DPDT: released=THOMAS; +coil1/-coil8; NC2/7, COM3/6, NO4/5"
DK1,1N4148W,Colloquy:D_SOD-123,1N4148W,fit,Flyback cathode to +5V
K2,G6K-2F-Y DC5,Colloquy:Relay_DPDT_Omron_G6K-2F-Y,G6K-2F-Y DC5,fit,"Non-latching DPDT: released=THOMAS; +coil1/-coil8; NC2/7, COM3/6, NO4/5"
DK2,1N4148W,Colloquy:D_SOD-123,1N4148W,fit,Flyback cathode to +5V
K3,G6K-2F-Y DC5,Colloquy:Relay_DPDT_Omron_G6K-2F-Y,G6K-2F-Y DC5,fit,"Non-latching DPDT: released=THOMAS; +coil1/-coil8; NC2/7, COM3/6, NO4/5"
DK3,1N4148W,Colloquy:D_SOD-123,1N4148W,fit,Flyback cathode to +5V
QK1,2N7002,Colloquy:SOT-23,2N7002,fit,"Logic MOSFET low-side, total nominal relay coil current 63.3mA"
RK1,100R,Colloquy:R_0603_1608Metric,,fit,
RK2,100K,Colloquy:R_0603_1608Metric,,fit,
JM1,THOMAS / MODE / TEENSY,Colloquy:PinHeader_1x03_P2.54mm_Vertical,THOMAS / MODE / TEENSY,fit,No shunt=THOMAS; fit exactly one 2-pin shunt
UB1,SN74LVC1T45DBVR,Colloquy:SOT-23-6,SN74LVC1T45DBVR,fit,Ioff + either-rail-off isolation; DIR high gives A to B
RB11,100K,Colloquy:R_0603_1608Metric,,fit,
RB12,100K,Colloquy:R_0603_1608Metric,,fit,
CB11,100nF,Colloquy:C_0603_1608Metric,,fit,Local bypass/filter capacitor; >=16V unless stated
CB12,100nF,Colloquy:C_0603_1608Metric,,fit,Local bypass/filter capacitor; >=16V unless stated
UB2,SN74LVC1T45DBVR,Colloquy:SOT-23-6,SN74LVC1T45DBVR,fit,Ioff + either-rail-off isolation; DIR high gives A to B
RB21,100K,Colloquy:R_0603_1608Metric,,fit,
RB22,100K,Colloquy:R_0603_1608Metric,,fit,
CB21,100nF,Colloquy:C_0603_1608Metric,,fit,Local bypass/filter capacitor; >=16V unless stated
CB22,100nF,Colloquy:C_0603_1608Metric,,fit,Local bypass/filter capacitor; >=16V unless stated
UB3,SN74LVC1T45DBVR,Colloquy:SOT-23-6,SN74LVC1T45DBVR,fit,Ioff + either-rail-off isolation; DIR high gives A to B
RB31,100K,Colloquy:R_0603_1608Metric,,fit,
RB32,100K,Colloquy:R_0603_1608Metric,,fit,
CB31,100nF,Colloquy:C_0603_1608Metric,,fit,Local bypass/filter capacitor; >=16V unless stated
CB32,100nF,Colloquy:C_0603_1608Metric,,fit,Local bypass/filter capacitor; >=16V unless stated
UB4,SN74LVC1T45DBVR,Colloquy:SOT-23-6,SN74LVC1T45DBVR,fit,Ioff + either-rail-off isolation; DIR high gives A to B
RB41,100K,Colloquy:R_0603_1608Metric,,fit,
RB42,100K,Colloquy:R_0603_1608Metric,,fit,
CB41,100nF,Colloquy:C_0603_1608Metric,,fit,Local bypass/filter capacitor; >=16V unless stated
CB42,100nF,Colloquy:C_0603_1608Metric,,fit,Local bypass/filter capacitor; >=16V unless stated
MODULE-T,Teensy 4.1,JT1 + JT2,PJRC Teensy 4.1 with headers,optional for Thomas,Plug-in module is not a separately placed carrier footprint
SHUNT,2-pin 2.54mm shunt,JM1,2-pin insulated shunt,fit 1-2 for Thomas,No shunt also selects Thomas
