Population,Pitch Hz,R1=R2 ohm,C1=C2 nF film,Low Hz,High Hz
female1,1012,1200.0,150.0,1012,1012
female2,2531,1800.0,47.0,2531,2531
female3,6329,2200.0,10.0,6329,6329
male1,162,2200.0,470.0,162,162
male2,405,2000.0,220.0,405,405
pitch-177,177,2200.0,470.0,149,210
pitch-250,250,2200.0,330.0,210,297
pitch-354,354,2200.0,220.0,297,420
pitch-500,500,2400.0,150.0,420,595
pitch-707,707,2400.0,100.0,595,841
pitch-1000,1000,1800.0,100.0,841,1189
pitch-1414,1414,2700.0,47.0,1189,1682
pitch-2000,2000,2700.0,33.0,1682,2378
pitch-2828,2828,2000.0,33.0,2378,3364
pitch-4000,4000,2000.0,22.0,3364,4757
pitch-5657,5657,2200.0,14.999999999999998,4757,6727
pitch-8000,8000,2200.0,10.0,6727,9514
pitch-11314,11314,1600.0,10.0,9514,13454
