seconds, value
0.031169652938842773, 219
0.05224013328552246, 260
0.07280850410461426, 256
0.0933537483215332, 263
0.11388468742370605, 261
0.13401579856872559, 278
0.15458178520202637, 261
0.17513465881347656, 260
0.19567346572875977, 243
0.2162342071533203, 261
0.23677945137023926, 261
0.2568624019622803, 259
0.2774033546447754, 261
0.2979447841644287, 262
0.31847715377807617, 259
0.33901286125183105, 260
0.359576940536499, 258
0.3801388740539551, 262
0.40067410469055176, 261
0.4207191467285156, 262
0.44128870964050293, 279
0.46182966232299805, 262
0.48236989974975586, 260
0.5029258728027344, 262
0.5234639644622803, 261
0.5435183048248291, 260
0.5640707015991211, 243
0.584632158279419, 286
0.6051692962646484, 260
0.6257238388061523, 262
0.6462757587432861, 260
0.6668224334716797, 259
0.6873574256896973, 259
0.7079048156738281, 264
0.7279701232910156, 258
0.7485218048095703, 261
0.7689104080200195, 260
0.7896802425384521, 275
0.8102619647979736, 257
0.8302979469299316, 260
0.8508365154266357, 260
0.8714370727539062, 262
0.891974687576294, 257
0.912560224533081, 258
0.933112621307373, 255
0.9531435966491699, 257
0.973670482635498, 257
0.9942326545715332, 259
1.0147769451141357, 260
1.0353055000305176, 258
1.0558536052703857, 261
1.0764012336730957, 253
1.0969338417053223, 253
1.1174755096435547, 260
1.13751220703125, 260
1.1580607891082764, 262
1.1786479949951172, 261
1.1992254257202148, 260
1.2197680473327637, 266
1.2403631210327148, 258
1.2606112957000732, 262
1.2811808586120605, 261
1.3017511367797852, 275
1.3217730522155762, 259
1.3423092365264893, 261
1.3628404140472412, 260
1.3833858966827393, 261
1.4039311408996582, 262
1.4244725704193115, 259
1.4450161457061768, 255
1.4655654430389404, 279
1.4861013889312744, 259
1.5061452388763428, 257
1.5266897678375244, 260
1.5472831726074219, 259
1.5678400993347168, 260
1.588402509689331, 258
1.6085422039031982, 246
1.629103183746338, 261
1.6496703624725342, 260
1.6702497005462646, 261
1.690803050994873, 263
1.7113580703735352, 261
1.7313847541809082, 262
1.7519516944885254, 260
1.7728099822998047, 263
1.7928411960601807, 262
1.8134031295776367, 262
1.8339464664459229, 264
1.8544790744781494, 266
1.8750207424163818, 266
1.8955626487731934, 236
1.916109323501587, 268
1.9366459846496582, 268
1.9567201137542725, 268
1.9772582054138184, 289
1.997807502746582, 269
2.0183427333831787, 269
2.0389199256896973, 281
2.0594534873962402, 272
2.0800015926361084, 275
2.100553035736084, 295
2.120589017868042, 305
2.141124725341797, 276
2.1616640090942383, 280
2.1822030544281006, 281
2.202746868133545, 281
2.2232770919799805, 279
2.243821144104004, 266
2.2638680934906006, 279
2.284494400024414, 284
2.3050637245178223, 281
2.3258087635040283, 271
2.3459010124206543, 282
2.366434097290039, 283
2.3870046138763428, 284
2.407595634460449, 302
2.4281389713287354, 281
2.4481911659240723, 282
2.468750476837158, 278
2.489290714263916, 301
2.509824752807617, 282
2.5303595066070557, 284
2.550896644592285, 263
2.571448564529419, 281
2.592012643814087, 281
2.612549304962158, 290
2.632596969604492, 274
2.653137683868408, 280
2.6736810207366943, 281
2.6942341327667236, 280
2.7148003578186035, 280
2.7353808879852295, 279
2.7559292316436768, 279
2.7761895656585693, 295
2.7967607975006104, 278
2.8173086643218994, 277
2.837339162826538, 278
2.8578877449035645, 282
2.8784165382385254, 280
2.8989498615264893, 286
2.9194793701171875, 305
2.940006732940674, 311
2.960540771484375, 327
2.9810855388641357, 335
3.0016183853149414, 361
3.0216541290283203, 353
3.0423591136932373, 359
3.0629348754882812, 385
3.0834779739379883, 376
3.1040425300598145, 380
3.1245906352996826, 374
3.1448593139648438, 370
3.1654052734375, 380
3.1859512329101562, 377
3.2060017585754395, 384
3.2265515327453613, 376
3.2471306324005127, 376
3.2676877975463867, 379
3.288280963897705, 361
3.3083534240722656, 375
3.3289072513580322, 374
3.3495054244995117, 370
3.370058059692383, 370
3.390584945678711, 370
3.4111318588256836, 371
3.431715965270996, 361
3.452254056930542, 372
3.472323417663574, 371
3.493100166320801, 378
3.51314377784729, 372
3.5338218212127686, 371
3.5544490814208984, 374
3.574982166290283, 353
3.5955164432525635, 373
3.615561008453369, 374
3.636115074157715, 381
3.656667470932007, 362
3.677337884902954, 375
3.6978759765625, 377
3.7179176807403564, 375
3.73846173286438, 379
3.7589991092681885, 378
3.7795848846435547, 380
3.8002588748931885, 362
3.820798397064209, 375
3.8413684368133545, 371
3.8614118099212646, 363
3.881997585296631, 353
3.902555227279663, 347
3.923100709915161, 340
3.943667411804199, 351
3.964221239089966, 318
3.9842655658721924, 302
4.004817247390747, 289
4.02535343170166, 264
4.045901536941528, 275
4.066438913345337, 274
4.087016820907593, 284
4.107568264007568, 272
4.127599477767944, 276
4.1481406688690186, 277
4.168680191040039, 267
4.18921422958374, 273
4.209747076034546, 277
4.230296611785889, 275
4.250912666320801, 276
4.270990610122681, 275
4.291968822479248, 281
4.312030076980591, 307
4.332569599151611, 278
4.353096008300781, 276
4.3738038539886475, 290
4.393838882446289, 279
4.4143781661987305, 275
4.434922218322754, 276
4.455459117889404, 284
4.475991487503052, 275
4.496540307998657, 275
4.517085790634155, 271
4.537118434906006, 277
4.557660341262817, 275
4.57828426361084, 271
4.598841667175293, 286
4.619375467300415, 271
4.639945030212402, 270
4.6602208614349365, 269
4.680812358856201, 263
4.70136833190918, 268
4.721908092498779, 269
4.741960525512695, 253
4.762504816055298, 266
4.7830588817596436, 265
4.8034021854400635, 263
4.823943138122559, 254
4.8444743156433105, 260
4.8650312423706055, 261
4.885583877563477, 252
4.906104803085327, 258
4.926635026931763, 259
4.947214603424072, 258
4.96727991104126, 267
4.987847089767456, 258
5.008404731750488, 256
5.028956651687622, 248
5.049546241760254, 259
5.0701072216033936, 256
5.090155363082886, 254
5.110719442367554, 253
5.1312575340271, 253
5.151829719543457, 254
5.172423362731934, 261
5.192983388900757, 254
5.2130186557769775, 250
5.2335591316223145, 251
5.254112958908081, 251
5.27465295791626, 250
5.29528021812439, 251
5.315822124481201, 256
5.335892200469971, 246
5.356929302215576, 247
5.3769707679748535, 249
5.397538900375366, 248
5.418092250823975, 250
5.4386279582977295, 245
5.459190845489502, 245
5.479273796081543, 260
5.4998157024383545, 245
5.520347833633423, 246
5.5409016609191895, 264
5.561439037322998, 231
5.581982612609863, 244
5.602531671524048, 245
5.623079061508179, 221
5.643137216567993, 241
5.663688898086548, 243
5.684245347976685, 241
5.704793691635132, 222
5.72533655166626, 242
5.745903491973877, 243
5.765998601913452, 244
5.78656005859375, 241
5.807308673858643, 242
5.82789158821106, 220
5.847945213317871, 230
5.868476629257202, 240
5.8890252113342285, 242
5.9095728397369385, 233
5.930109977722168, 241
5.950675964355469, 242
5.971219062805176, 241
5.991255521774292, 240
6.01177453994751, 240
6.032292604446411, 239
6.052855491638184, 260
6.073394298553467, 262
6.093934535980225, 239
6.1145102977752686, 241
6.135064363479614, 248
6.155159950256348, 241
6.17572021484375, 241
6.196295976638794, 235
6.216881036758423, 242
6.237454414367676, 241
6.258017539978027, 241
6.278058767318726, 247
6.298602342605591, 241
6.3191962242126465, 240
6.339719533920288, 241
6.360259056091309, 235
6.380795240402222, 242
6.401324272155762, 239
6.421370506286621, 235
6.4419050216674805, 243
6.462433576583862, 240
6.482970714569092, 240
6.503507852554321, 217
6.524042844772339, 239
6.544709205627441, 240
6.564769983291626, 258
6.585310459136963, 236
6.605845212936401, 239
6.626377105712891, 240
6.646965026855469, 223
6.6674933433532715, 240
6.688039541244507, 241
6.708110332489014, 243
6.728647232055664, 218
6.749188661575317, 241
6.769728899002075, 242
6.790287256240845, 242
6.810480833053589, 239
6.8310387134552, 240
6.851596117019653, 239
6.872143030166626, 239
6.892688512802124, 238
6.913293361663818, 239
6.933383941650391, 238
6.954434871673584, 239
6.974473476409912, 240
6.995043992996216, 240
7.015624046325684, 237
7.036164045333862, 238
7.056233167648315, 238
7.076796293258667, 232
7.097329139709473, 255
7.1178672313690186, 238
7.13840913772583, 239
7.158947706222534, 239
7.179470539093018, 239
7.200022220611572, 239
7.220556259155273, 250
7.240671634674072, 247
7.261200666427612, 237
7.281741619110107, 238
7.3022894859313965, 238
7.323087453842163, 237
7.34314227104187, 238
7.363699913024902, 243
7.384257078170776, 224
7.404825448989868, 238
7.425366640090942, 239
7.445528268814087, 256
7.466123580932617, 242
7.486653566360474, 238
7.507192611694336, 243
7.527721405029297, 227
7.547754526138306, 241
7.56828236579895, 242
7.588828802108765, 241
7.609362840652466, 225
7.629899978637695, 241
7.650446891784668, 242
7.671001672744751, 246
7.691537857055664, 241
7.711605548858643, 243
7.732203960418701, 263
7.75274133682251, 250
7.773287296295166, 245
7.793905735015869, 247
7.814075231552124, 248
7.834916830062866, 247
7.8554723262786865, 248
7.875533103942871, 248
7.896092176437378, 244
7.91663384437561, 251
7.937199354171753, 252
7.9577717781066895, 241
7.978313684463501, 255
7.998344898223877, 255
8.01887822151184, 255
8.039422988891602, 259
8.059959173202515, 256
8.080518245697021, 256
8.10109281539917, 245
8.12163519859314, 256
8.1416757106781, 260
8.162230491638184, 259
8.182940244674683, 266
8.203487873077393, 263
8.223624229431152, 264
8.244181394577026, 253
8.264724731445312, 280
8.285272121429443, 266
8.305807828903198, 267
8.326422214508057, 268
8.34648060798645, 269
8.367045402526855, 270
8.387579679489136, 270
8.40812063217163, 295
8.428663492202759, 270
8.449202537536621, 274
8.469752788543701, 292
8.49031400680542, 275
8.510847091674805, 275
8.530893087387085, 275
8.551458597183228, 271
8.571990251541138, 274
8.592516899108887, 275
8.61305570602417, 272
8.633584022521973, 298
8.654115915298462, 276
8.674160718917847, 276
8.69471287727356, 273
8.715250730514526, 274
8.735793590545654, 275
8.756351470947266, 257
8.776911973953247, 250
8.797454357147217, 272
8.81749677658081, 272
8.838138580322266, 275
8.858716249465942, 271
8.879346370697021, 270
8.899967670440674, 249
8.920055627822876, 299
8.940605163574219, 272
8.961139440536499, 272
8.981709241867065, 310
9.002260684967041, 305
9.022800922393799, 326
9.042848825454712, 338
9.063396453857422, 350
9.083930969238281, 358
9.104462146759033, 367
9.124999523162842, 392
9.145533323287964, 366
9.1660635471344, 374
9.186143159866333, 375
9.206677198410034, 371
9.227217674255371, 372
9.247914552688599, 373
9.268455743789673, 358
9.288982152938843, 374
9.30916142463684, 369
9.329782962799072, 369
9.35041093826294, 369
9.370949268341064, 365
9.391015768051147, 367
9.411551237106323, 367
9.43208622932434, 360
9.452638149261475, 368
9.473167896270752, 367
9.493742227554321, 355
9.514285802841187, 365
9.53432583808899, 368
9.554861783981323, 367
9.57540249824524, 360
9.596456050872803, 366
9.61648941040039, 367
9.637128591537476, 365
9.657688617706299, 369
9.678241968154907, 371
9.698283672332764, 369
9.718839406967163, 370
9.73938250541687, 372
9.759920597076416, 369
9.780463933944702, 367
9.800997734069824, 370
9.821535348892212, 372
9.841619729995728, 374
9.862182140350342, 374
9.88271689414978, 373
9.903266668319702, 375
9.923804998397827, 380
9.94433856010437, 350
9.964923620223999, 362
9.984987020492554, 353
10.005557537078857, 341
10.026096820831299, 338
10.046666860580444, 330
10.06725001335144, 321
10.087323188781738, 310
10.107861518859863, 296
10.128397703170776, 283
10.148951053619385, 272
10.169495105743408, 289
10.190029621124268, 270
10.210591793060303, 271
10.231125831604004, 274
10.251157760620117, 272
10.271721601486206, 273
10.292284965515137, 291
10.31281042098999, 296
10.333394765853882, 275
10.353715896606445, 275
10.37428593635559, 275
10.394848346710205, 275
10.415408611297607, 276
10.43595266342163, 280
10.456003665924072, 263
10.476547718048096, 276
10.497084379196167, 275
10.517630338668823, 295
10.538158178329468, 276
10.558694124221802, 275
10.579226970672607, 275
10.599775791168213, 276
10.619822025299072, 274
10.640352487564087, 277
10.66090726852417, 267
10.681450128555298, 292
10.702007055282593, 277
10.722562074661255, 274
10.743117809295654, 277
10.763152599334717, 277
10.783692121505737, 276
10.804255723953247, 283
10.824796676635742, 271
10.845170259475708, 274
10.865726470947266, 277
10.88628339767456, 277
10.906818151473999, 274
10.927347898483276, 275
10.94790506362915, 276
10.967936992645264, 303
10.988500595092773, 274
11.009047746658325, 273
11.029601335525513, 273
11.050159215927124, 273
11.070703506469727, 273
11.091270446777344, 272
11.111345529556274, 272
11.131885528564453, 269
11.152446746826172, 268
11.173021078109741, 256
11.193602323532104, 266
11.214175462722778, 267
11.234277725219727, 267
11.255034446716309, 271
11.275556325912476, 265
11.295584201812744, 265
11.316197395324707, 261
11.336740016937256, 286
11.357338905334473, 263
11.377927303314209, 264
11.398479223251343, 263
11.418530702590942, 263
11.439054012298584, 262
11.460124254226685, 260
11.480179071426392, 245
11.500784635543823, 260
11.521344900131226, 262
11.541409492492676, 254
11.561991930007935, 262
11.582545042037964, 261
11.603086471557617, 263
11.62364673614502, 250
11.64419436454773, 262
11.66422986984253, 262
11.684769868850708, 263
11.705314636230469, 275
11.725905179977417, 263
11.746433019638062, 265
11.766979932785034, 245
11.787510871887207, 262
11.808045387268066, 263
11.828101396560669, 266
11.849003314971924, 278
11.869537353515625, 262
11.889568328857422, 262
11.910113334655762, 265
11.930650472640991, 263
11.951183557510376, 264
11.971731901168823, 265
11.992276668548584, 249
12.012810230255127, 261
12.03334641456604, 261
12.053399085998535, 255
12.073932647705078, 264
12.094477653503418, 262
12.115015983581543, 264
12.13554859161377, 261
12.156104326248169, 263
12.176642179489136, 261
12.197201251983643, 255
12.217252492904663, 262
12.237794160842896, 262
12.25833773612976, 261
12.278898000717163, 260
12.299435377120972, 260
12.319963693618774, 261
12.340515375137329, 272
12.360577821731567, 257
12.381109952926636, 262
12.4016592502594, 260
12.422205924987793, 262
12.442744255065918, 260
12.463278532028198, 261
12.483829498291016, 264
12.5043625831604, 260
12.524900436401367, 260
12.544957399368286, 262
12.565508127212524, 283
12.586046934127808, 262
12.606593132019043, 261
12.627124309539795, 261
12.647655487060547, 260
12.668210744857788, 264
12.68826150894165, 262
12.70880651473999, 262
12.729337930679321, 280
12.749897956848145, 262
12.7704496383667, 261
12.791009902954102, 263
12.811545848846436, 262
12.83208155632019, 260
12.852134704589844, 261
12.872723579406738, 267
12.893256425857544, 260
12.913802862167358, 261
12.934337377548218, 260
12.954870462417603, 261
12.975444316864014, 259
12.996013641357422, 272
13.016040802001953, 261
13.036580324172974, 262
13.057117938995361, 263
13.077673196792603, 286
13.098215818405151, 261
13.11874508857727, 262
13.139283418655396, 261
13.159359693527222, 265
13.179917812347412, 264
13.200482606887817, 263
13.221031188964844, 260
13.241559982299805, 264
13.262116193771362, 264
13.282645225524902, 264
13.302699327468872, 266
13.323245525360107, 269
13.343783140182495, 270
13.364381074905396, 267
13.38492465019226, 266
13.405447959899902, 270
13.425981283187866, 274
13.446531772613525, 274
13.466573715209961, 275
13.487107992172241, 274
13.507693767547607, 280
13.52827787399292, 276
13.548815727233887, 282
13.56939148902893, 279
13.58946180343628, 277
13.609997272491455, 281
13.630560398101807, 282
13.651112794876099, 282
13.67166805267334, 281
13.69221544265747, 283
13.71225643157959, 283
13.732807636260986, 282
13.753349304199219, 292
13.773885011672974, 281
13.794431209564209, 282
13.814982175827026, 283
13.835528135299683, 280
13.856059312820435, 283
13.876153469085693, 281
13.896716356277466, 288
13.917251586914062, 282
13.937796115875244, 278
13.95836091041565, 280
13.978893280029297, 279
13.99946641921997, 279
14.019506692886353, 279
14.040044784545898, 275
14.060574054718018, 277
14.081117153167725, 277
14.101656436920166, 300
14.122174978256226, 280
14.142703771591187, 277
14.16326093673706, 277
14.183358430862427, 274
14.203944206237793, 278
14.224510908126831, 277
14.245065689086914, 278
14.265616178512573, 298
14.286161661148071, 314
14.306189775466919, 326
14.326752662658691, 339
14.347305297851562, 347
14.367896556854248, 354
14.388458251953125, 376
14.409014701843262, 371
14.42956280708313, 375
14.449599742889404, 378
14.470178127288818, 376
14.490760087966919, 379
14.511298179626465, 377
14.531882524490356, 359
14.552435398101807, 365
14.57246732711792, 374
14.59300446510315, 375
14.613558292388916, 372
14.634093046188354, 373
14.654638767242432, 373
14.675176858901978, 373
14.695729732513428, 348
14.715770483016968, 370
14.736812114715576, 371
14.75689959526062, 365
14.777458906173706, 371
14.798001527786255, 369
14.818568706512451, 371
14.839114904403687, 371
14.859182357788086, 370
14.879815578460693, 372
14.90041971206665, 371
14.92098093032837, 371
14.941511392593384, 373
14.961571455001831, 373
14.982123374938965, 374
15.002654314041138, 374
15.023191690444946, 373
15.04377818107605, 375
15.064433813095093, 392
15.085176944732666, 376
15.105230808258057, 376
15.125770330429077, 363
15.146311044692993, 375
15.166867971420288, 372
15.1869056224823, 369
15.2074613571167, 360
15.228004217147827, 349
15.248562812805176, 342
15.269107818603516, 334
15.289644241333008, 327
15.310185432434082, 311
15.330247163772583, 298
15.350815773010254, 282
15.371353387832642, 273
15.392008066177368, 274
15.412559747695923, 267
15.432595491409302, 266
15.453128337860107, 272
15.473665237426758, 274
15.494271278381348, 274
15.514798879623413, 275
15.535360336303711, 275
15.555402994155884, 274
15.575953483581543, 299
15.596499919891357, 274
15.617048025131226, 274
15.637592077255249, 273
15.658133029937744, 274
15.678678750991821, 276
15.699208736419678, 273
15.719752073287964, 264
15.739786386489868, 276
15.760314464569092, 276
15.780853509902954, 292
15.801394939422607, 265
15.821930170059204, 275
15.84247088432312, 276
15.86301589012146, 276
15.883602142333984, 272
15.903639793395996, 273
15.924190044403076, 267
15.944721460342407, 285
15.965244770050049, 271
15.985783100128174, 271
16.00636386871338, 268
16.026902198791504, 268
16.04747223854065, 266
16.067536115646362, 268
16.08811593055725, 286
16.108665943145752, 262
16.129212379455566, 261
16.149779319763184, 249
16.170315742492676, 262
16.19035577774048, 260
16.210898637771606, 258
16.231454133987427, 262
16.252007961273193, 256
16.27253556251526, 257
16.29307794570923, 264
16.313627243041992, 255
16.334169626235962, 256
16.354236125946045, 256
16.37478542327881, 254
16.39565944671631, 253
16.415689945220947, 253
16.43644118309021, 271
16.45697045326233, 252
16.47751259803772, 250
16.498061180114746, 250
16.518091917037964, 252
16.53863549232483, 249
16.559176921844482, 253
16.57971739768982, 246
16.60025644302368, 265
16.620798587799072, 248
16.641330242156982, 247
16.66187620162964, 261
16.681910276412964, 246
16.702451944351196, 247
16.72305941581726, 248
16.74362325668335, 272
16.764167547225952, 246
16.78474736213684, 247
16.804840564727783, 239
16.825414657592773, 257
16.84596538543701, 245
16.86658549308777, 246
16.88710618019104, 221
16.907232999801636, 243
16.92776608467102, 243
16.948301553726196, 235
16.968851327896118, 221
16.989389181137085, 242
17.00994324684143, 242
17.030516147613525, 240
17.05056881904602, 240
17.071121215820312, 242
17.091662883758545, 242
17.11223077774048, 227
17.132776737213135, 240
17.153332471847534, 241
17.173879146575928, 247
17.193953037261963, 241
17.214521646499634, 240
17.235068559646606, 240
17.255627632141113, 219
17.27616548538208, 242
17.296696186065674, 240
17.317226886749268, 240
17.337271213531494, 229
17.357805490493774, 240
17.378334760665894, 240
17.398921251296997, 248
17.419453620910645, 238
17.439990043640137, 240
17.460538864135742, 235
17.48058557510376, 235
17.50118088722229, 240
17.52175521850586, 241
17.542357683181763, 240
17.562913417816162, 241
17.583466291427612, 240
17.60351014137268, 241
17.62405800819397, 240
17.64458656311035, 241
17.665118932724, 241
17.685669660568237, 234
17.70623254776001, 241
17.72676181793213, 240
17.747313737869263, 242
17.76737380027771, 253
17.787904500961304, 239
17.808451890945435, 240
17.828824758529663, 232
17.849453449249268, 241
17.869991540908813, 239
17.89057230949402, 241
17.911165237426758, 243
17.931689500808716, 241
17.952213287353516, 239
17.972254753112793, 232
17.992807149887085, 262
18.013357162475586, 240
18.03390336036682, 239
18.05444359779358, 241
18.07499861717224, 239
18.095067262649536, 241
18.115601778030396, 246
18.136147022247314, 227
18.15669345855713, 238
18.17723822593689, 240
18.197778701782227, 229
18.218335151672363, 238
18.238877534866333, 240
18.25891351699829, 239
18.27947688102722, 241
18.300004482269287, 241
18.32053804397583, 237
18.341067790985107, 252
18.361600399017334, 237
18.382127285003662, 238
18.402524948120117, 238
18.42280673980713, 238
18.443340063095093, 238
18.46388602256775, 236
18.48447346687317, 234
18.50501012802124, 236
18.525585651397705, 238
18.545621871948242, 237
18.56615447998047, 239
18.586695194244385, 235
18.607242345809937, 237
18.627805471420288, 239
18.648346424102783, 233
18.66890573501587, 236
18.68895673751831, 236
18.709508180618286, 233
18.730060815811157, 237
18.75060248374939, 240
18.77117133140564, 237
18.791722536087036, 233
18.81225562095642, 235
18.832820415496826, 240
18.85289454460144, 233
18.873430252075195, 250
18.89396643638611, 240
18.914541959762573, 242
18.935096263885498, 246
18.955652713775635, 242
18.975685119628906, 241
18.99624800682068, 262
19.016789197921753, 263
19.037340879440308, 240
19.057883262634277, 244
19.078432083129883, 243
19.098634004592896, 244
19.11918830871582, 246
19.139740228652954, 224
19.16029953956604, 240
19.18054461479187, 247
19.201079607009888, 248
19.221628189086914, 247
19.242177486419678, 249
19.262704133987427, 250
19.283236742019653, 251
19.303789138793945, 246
19.32431721687317, 249
19.344355583190918, 253
19.364903450012207, 251
19.385443210601807, 276
19.405972242355347, 255
19.42646312713623, 255
19.447012186050415, 259
19.467548370361328, 257
19.488171100616455, 259
19.508254766464233, 251
19.528807163238525, 275
19.54934024810791, 262
19.56990671157837, 261
19.590467929840088, 265
19.61101531982422, 262
19.631072282791138, 265
19.65162754058838, 269
19.67216658592224, 288
19.69270968437195, 265
19.71324849128723, 270
19.733810901641846, 281
19.754398107528687, 268
19.77492928504944, 270
19.79499626159668, 270
19.815549850463867, 262
19.83607292175293, 273
19.856611728668213, 272
19.877161502838135, 267
19.897695064544678, 273
19.917794942855835, 273
19.93832516670227, 272
19.958853244781494, 272
19.979408740997314, 275
19.99994945526123, 275
20.020523071289062, 258
20.04106855392456, 272
20.061633586883545, 272
20.081695556640625, 273
20.10223698616028, 274
20.1228768825531, 274
20.143402814865112, 273
20.16398024559021, 277
20.18452262878418, 296
20.20456838607788, 273
20.225119590759277, 274
20.245664834976196, 267
20.266218185424805, 267
20.286758422851562, 270
20.307316303253174, 270
20.327362537384033, 278
20.347898244857788, 291
20.368471384048462, 304
20.389040231704712, 325
20.409596920013428, 339
20.43032741546631, 349
20.450449228286743, 361
20.470972537994385, 368
20.491516590118408, 372
20.512072563171387, 374
20.532601594924927, 367
20.55262804031372, 364
20.57318925857544, 372
20.593735456466675, 370
20.61427354812622, 371
20.63482093811035, 372
20.655353784561157, 371
20.675901174545288, 344
20.696446418762207, 387
20.71701979637146, 368
20.737239837646484, 364
20.757816076278687, 371
20.77837038040161, 365
20.7983980178833, 365
20.81894540786743, 366
20.839487552642822, 356
20.86002254486084, 365
20.88055396080017, 367
20.90111231803894, 360
20.92169427871704, 366
20.942071676254272, 366
20.96262764930725, 367
20.983238697052002, 378
21.003297328948975, 368
21.023852586746216, 368
21.04440999031067, 365
21.064974784851074, 367
21.085528135299683, 370
21.106058835983276, 370
21.126121759414673, 373
21.146649837493896, 372
21.167216062545776, 372
21.18778967857361, 375
21.208331823349, 372
21.228866577148438, 371
21.249401330947876, 374
21.26944398880005, 366
21.289976835250854, 371
21.310503482818604, 366
21.33103919029236, 363
21.351582527160645, 354
21.372111797332764, 347
21.392667531967163, 339
21.41324543952942, 330
21.433483123779297, 325
21.454095602035522, 309
21.47449016571045, 294
21.495028972625732, 288
21.515594959259033, 274
21.536150455474854, 272
21.55619168281555, 270
21.57674503326416, 282
21.597299098968506, 271
21.617834329605103, 271
21.63837194442749, 272
21.658912897109985, 274
21.679447412490845, 275
21.69998288154602, 275
21.720530033111572, 298
21.740566968917847, 274
21.761098384857178, 276
21.781644821166992, 296
21.802193641662598, 275
21.82272505760193, 273
21.843268156051636, 276
21.863828659057617, 299
21.884361505508423, 275
21.904436349868774, 274
21.925067901611328, 262
21.945752143859863, 278
21.96628761291504, 276
21.986335277557373, 275
22.006913661956787, 278
22.027482748031616, 275
22.04801321029663, 277
22.06857132911682, 275
22.089152336120605, 276
22.10919427871704, 277
22.129743337631226, 276
22.150279998779297, 274
22.170823097229004, 276
22.19139289855957, 275
22.211936235427856, 287
22.232484102249146, 301
22.252515077590942, 275
22.27305841445923, 278
22.293607711791992, 297
22.314143180847168, 273
22.33467197418213, 274
22.355223894119263, 275
22.3757541179657, 263
22.396281719207764, 273
22.41632914543152, 273
22.436956644058228, 267
22.457512378692627, 270
22.478065252304077, 271
22.498608350753784, 271
22.519145727157593, 270
22.53922414779663, 267
22.559818744659424, 267
22.580362558364868, 286
22.600932121276855, 265
22.621520280838013, 267
22.642059564590454, 266
22.662091970443726, 265
22.682647228240967, 267
22.703181266784668, 264
22.723814487457275, 276
22.74438452720642, 262
22.764919996261597, 261
22.784950256347656, 261
22.805553197860718, 281
22.82612156867981, 263
22.84666132926941, 264
22.8672091960907, 261
22.88775944709778, 260
22.908294200897217, 263
22.92833709716797, 261
22.948935508728027, 283
22.969485759735107, 245
22.990020751953125, 263
23.010551691055298, 265
23.031105756759644, 269
23.051639556884766, 263
23.071672439575195, 263
23.092230796813965, 256
23.1127667427063, 258
23.133321523666382, 263
23.15385937690735, 262
23.174411296844482, 262
23.194953203201294, 261
23.215489149093628, 261
23.23605251312256, 253
23.25610375404358, 262
23.27664279937744, 261
23.29717254638672, 261
23.317739486694336, 262
23.338279485702515, 262
23.358816862106323, 263
23.37936544418335, 265
23.39941692352295, 251
23.41995096206665, 262
23.44054388999939, 261
23.4612135887146, 284
23.48174810409546, 262
23.501795768737793, 264
23.522334814071655, 262
23.54287886619568, 272
23.563408374786377, 262
23.583966493606567, 261
23.60451865196228, 255
23.62504744529724, 260
23.64557385444641, 260
23.666110515594482, 262
23.68615412712097, 263
23.70670485496521, 261
23.727240324020386, 263
23.747776985168457, 264
23.768436193466187, 261
23.78846311569214, 260
23.80949330329895, 261
23.82953381538391, 261
23.850088596343994, 261
23.870622158050537, 264
23.89116144180298, 262
23.911697149276733, 254
23.932230710983276, 262
23.9523184299469, 263
23.972869634628296, 261
23.99341869354248, 275
24.014014720916748, 260
24.03455662727356, 262
24.055098295211792, 239
24.075631380081177, 262
24.096173524856567, 259
24.116220474243164, 252
24.136764764785767, 250
24.157296895980835, 260
24.177844762802124, 259
24.198400020599365, 259
24.218934535980225, 260
24.23948097229004, 257
24.260023593902588, 240
24.280076503753662, 283
24.30062961578369, 259
24.321162223815918, 261
24.34171772003174, 253
24.362261295318604, 260
24.382795095443726, 260
24.40332818031311, 259
24.423870086669922, 285
24.443904876708984, 260
24.464505195617676, 262
24.48504400253296, 242
24.505608558654785, 262
24.526144981384277, 259
24.546703577041626, 262
24.566774129867554, 262
24.58731198310852, 263
24.607853651046753, 263
24.628405570983887, 272
24.64895510673523, 257
24.66951823234558, 266
24.690052270889282, 266
24.710116624832153, 269
24.7306649684906, 271
24.75119924545288, 269
24.771751642227173, 274
24.792296648025513, 263
24.812833547592163, 272
24.833361864089966, 276
24.853903770446777, 280
24.87394380569458, 277
24.89447259902954, 276
24.915029764175415, 280
24.935572862625122, 299
24.956149339675903, 280
24.97670578956604, 281
24.99725317955017, 275
25.017780303955078, 279
25.037816047668457, 280
25.05836319923401, 279
25.078898906707764, 289
25.09943151473999, 280
25.11997961997986, 281
25.1405291557312, 278
25.16106390953064, 280
25.18160343170166, 282
25.201643228530884, 280
25.222188472747803, 282
25.242740869522095, 278
25.263302326202393, 278
25.28386163711548, 258
25.30441188812256, 276
25.324967622756958, 280
25.345025300979614, 278
25.36557674407959, 271
25.386125564575195, 277
25.406659841537476, 277
25.42720055580139, 277
25.44773292541504, 307
25.468329906463623, 278
25.488368272781372, 277
25.508926153182983, 298
25.529460668563843, 289
25.549980401992798, 276
25.5706148147583, 273
25.591151475906372, 278
25.61168074607849, 277
25.631712436676025, 283
25.652271032333374, 289
25.672817945480347, 313
25.693349361419678, 325
25.713884115219116, 339
25.734429121017456, 347
25.75499725341797, 353
25.775125980377197, 361
25.795655250549316, 377
25.816202878952026, 358
25.836747884750366, 379
25.857292413711548, 378
25.877827405929565, 368
25.89838457107544, 375
25.918916940689087, 376
25.938950538635254, 376
25.959482431411743, 373
25.98006820678711, 374
26.00059723854065, 374
26.021140098571777, 370
26.041681051254272, 372
26.06222152709961, 371
26.082763195037842, 370
26.10282278060913, 369
26.12335467338562, 370
26.143895149230957, 369
26.164456129074097, 353
26.185001850128174, 370
26.20553708076477, 370
26.226072549819946, 370
26.24613356590271, 371
26.266679048538208, 371
26.287220001220703, 370
26.3077654838562, 373
26.328312397003174, 357
26.34885811805725, 373
26.369389533996582, 374
26.389936447143555, 380
26.40999436378479, 376
26.430522918701172, 374
26.451112985610962, 373
26.471754789352417, 370
26.49230647087097, 378
26.512834310531616, 376
26.53287959098816, 376
26.55342411994934, 373
26.57395911216736, 368
26.594489097595215, 361
26.615033864974976, 354
26.635560989379883, 344
26.656094551086426, 334
26.67664098739624, 325
26.697172164916992, 289
26.71721339225769, 300
26.737767457962036, 284
26.75831890106201, 273
26.778857707977295, 273
26.799442052841187, 272
26.820033311843872, 271
26.840568780899048, 249
26.860650300979614, 273
26.88121271133423, 274
26.90174651145935, 295
26.922282934188843, 273
26.942816972732544, 276
26.96336817741394, 277
26.983461141586304, 276
27.00402283668518, 276
27.024575233459473, 275
27.045180082321167, 276
27.06576156616211, 276
27.08629536628723, 276
27.106342554092407, 277
27.12690019607544, 286
27.14742946624756, 273
27.16799020767212, 277
27.188546180725098, 271
27.209081888198853, 275
27.229231357574463, 274
27.249762535095215, 274
27.27034831047058, 272
27.290879011154175, 272
27.311596393585205, 273
27.33161687850952, 274
27.352213382720947, 258
27.37274432182312, 270
27.39329171180725, 266
27.4138343334198, 258
27.433971166610718, 267
27.454505443572998, 263
27.4750394821167, 264
27.495606422424316, 263
27.516157388687134, 265
27.53668975830078, 260
27.557233095169067, 258
27.577791690826416, 260
27.598346710205078, 258
27.618386030197144, 260
27.638947248458862, 263
27.659502267837524, 260
27.680097103118896, 255
27.700666666030884, 248
27.720736742019653, 259
27.741276025772095, 255
27.761810064315796, 254
27.782363653182983, 254
27.80290412902832, 253
27.82345724105835, 255
27.84403920173645, 248
27.864089965820312, 238
27.88463830947876, 251
27.90518593788147, 252
27.925742149353027, 262
27.946309328079224, 251
27.966886281967163, 251
27.98720359802246, 250
28.007763147354126, 244
28.028339862823486, 250
28.048380851745605, 248
28.06894588470459, 238
28.08950901031494, 248
28.110047817230225, 246
28.13057780265808, 247
28.151148557662964, 259
28.17168164253235, 246
28.191715002059937, 247
28.21225357055664, 228
28.232789278030396, 253
28.253326416015625, 245
28.27386975288391, 244
28.29442572593689, 243
28.31496810913086, 244
28.335538387298584, 241
28.355573654174805, 246
28.376112699508667, 226
28.396928787231445, 245
28.4175124168396, 242
28.437538623809814, 262
28.458081245422363, 240
28.478642225265503, 241
28.499284267425537, 241
28.519842863082886, 235
28.54038906097412, 242
28.560439109802246, 240
28.580993175506592, 228
28.60154962539673, 242
28.622095108032227, 240
28.642650365829468, 241
28.663207292556763, 241
28.683725595474243, 239
28.703781127929688, 241
28.72434949874878, 231
28.744932174682617, 219
28.765515089035034, 239
28.786084413528442, 240
28.806337594985962, 240
28.826905012130737, 240
28.847458362579346, 241
28.86799454689026, 222
28.888538599014282, 222
28.908570289611816, 240
28.929115533828735, 240
28.949666738510132, 260
28.970234394073486, 241
28.99064588546753, 240
29.011052131652832, 240
29.03160858154297, 267
29.05216693878174, 240
29.072716236114502, 242
29.093292236328125, 240
29.113841772079468, 240
29.13387632369995, 242
29.154419422149658, 241
29.17496633529663, 242
29.19552731513977, 239
29.216055631637573, 241
29.236628532409668, 237
29.25715732574463, 252
29.2771897315979, 241
29.29771661758423, 240
29.318265438079834, 239
29.33879852294922, 239
29.35933756828308, 239
29.37989902496338, 245
29.40043354034424, 251
29.420963048934937, 237
29.44102907180786, 239
29.461556434631348, 258
29.48208975791931, 238
29.50270390510559, 240
29.523244619369507, 241
29.543776273727417, 233
29.564330339431763, 237
29.58437943458557, 238
29.604947090148926, 237
29.625483751296997, 240
29.646027326583862, 238
29.666588306427002, 239
29.687138557434082, 239
29.707698106765747, 236
29.727739334106445, 239
29.748308181762695, 232
29.768852710723877, 229
29.789379835128784, 237
29.809930086135864, 238
29.83048367500305, 239
29.851017236709595, 237
29.871564865112305, 236
29.89165234565735, 214
29.91218662261963, 253
29.93272113800049, 237
29.953253269195557, 237
29.973894596099854, 241
29.99443554878235, 237
30.014548540115356, 238
30.03509783744812, 240
30.055664777755737, 232
30.07620596885681, 235
30.096766710281372, 236
30.117299795150757, 258
30.13734245300293, 223
30.157881021499634, 237
30.17841601371765, 239
30.198954820632935, 240
30.21949076652527, 241
30.240030527114868, 241
30.260571479797363, 235
30.281113386154175, 238
30.301645278930664, 240
30.321679830551147, 238
30.342223405838013, 241
30.362760066986084, 241
30.383291244506836, 241
30.4038507938385, 248
30.424399614334106, 238
30.444927215576172, 241
30.465456008911133, 242
30.48599910736084, 244
30.506123304367065, 244
30.526661157608032, 242
30.547206163406372, 245
30.567749500274658, 241
30.58829355239868, 245
30.608852863311768, 248
30.6289005279541, 245
30.649455070495605, 264
30.670000791549683, 248
30.69054102897644, 248
30.71110439300537, 252
30.731667041778564, 251
30.752202033996582, 251
30.772263288497925, 247
30.792806148529053, 254
30.8133327960968, 254
30.83388590812683, 255
30.854431867599487, 256
30.87496018409729, 255
30.89549207687378, 260
30.91604709625244, 250
30.936074256896973, 251
30.956615924835205, 261
30.977166175842285, 262
30.997700452804565, 253
31.018321990966797, 264
31.038854360580444, 265
31.059391975402832, 266
31.079421758651733, 265
31.09995675086975, 267
31.12050771713257, 268
31.141043424606323, 262
31.161568641662598, 268
31.182088375091553, 270
31.20262312889099, 270
31.223178386688232, 272
31.243730068206787, 272
31.263768672943115, 274
31.284305810928345, 280
31.304847478866577, 269
31.325380563735962, 273
31.345914602279663, 272
31.36644959449768, 273
31.3869845867157, 273
31.407525300979614, 275
31.428065061569214, 271
31.44812822341919, 291
31.468668699264526, 273
31.489218711853027, 272
31.509840726852417, 284
31.530176639556885, 271
31.550719261169434, 273
31.571245670318604, 272
31.591803073883057, 269
31.612337589263916, 274
31.632888317108154, 272
31.652947187423706, 266
31.673494577407837, 267
31.694030046463013, 271
31.714565992355347, 275
31.73511815071106, 294
31.755661010742188, 310
31.776195287704468, 327
31.796245098114014, 337
31.816791772842407, 350
31.837326288223267, 362
31.85787343978882, 367
31.878432750701904, 375
31.898966550827026, 375
31.91949439048767, 374
31.94002938270569, 363
31.96056580543518, 390
31.980592012405396, 371
32.00113368034363, 369
32.021729469299316, 385
32.04225945472717, 370
32.06280469894409, 368
32.08334922790527, 367
32.10388207435608, 362
32.124417543411255, 368
32.144476652145386, 365
32.165011405944824, 353
32.18557381629944, 365
32.20612668991089, 363
32.22669863700867, 364
32.247230529785156, 379
32.26779270172119, 367
32.28780674934387, 366
32.308348655700684, 349
32.32888960838318, 389
32.34943461418152, 365
32.3699836730957, 367
32.39051151275635, 369
32.41106867790222, 370
32.43110632896423, 370
32.451637268066406, 369
32.472168922424316, 357
32.49270153045654, 370
32.51324129104614, 368
32.533827781677246, 383
32.55435490608215, 374
32.57489562034607, 372
32.59494113922119, 373
32.61549496650696, 392
32.63602685928345, 372
32.65657997131348, 372
32.67714476585388, 370
32.69767117500305, 367
32.71822166442871, 358
32.73876619338989, 350
32.758822441101074, 350
32.779380083084106, 337
32.79994082450867, 326
32.82050132751465, 312
32.84105134010315, 302
32.861613750457764, 293
32.88214468955994, 278
32.90219044685364, 273
32.92272901535034, 272
32.943257331848145, 272
32.963794231414795, 279
32.984333515167236, 296
33.00486612319946, 273
33.02536201477051, 273
33.045904874801636, 278
33.066473960876465, 272
33.08650803565979, 273
33.10705089569092, 274
33.1275839805603, 272
33.14811563491821, 274
33.16865873336792, 274
33.1891930103302, 268
33.209723234176636, 275
33.23025584220886, 275
33.250792503356934, 274
33.270833015441895, 283
33.2913761138916, 276
33.311946868896484, 276
33.332483768463135, 293
33.35302495956421, 275
33.37355351448059, 275
33.39408493041992, 276
33.41464066505432, 275
33.43468141555786, 276
33.45521593093872, 276
33.475759744644165, 277
33.49630379676819, 276
33.516831159591675, 277
33.53742957115173, 279
33.55796408653259, 278
33.57850170135498, 274
33.59853506088257, 277
33.61907696723938, 276
33.63963794708252, 269
33.66017127037048, 275
33.680718660354614, 274
33.701276540756226, 270
33.72179913520813, 273
33.74183940887451, 276
33.762383460998535, 275
33.78294062614441, 278
33.803489685058594, 272
33.824026346206665, 272
33.8445839881897, 269
33.86511206626892, 288
33.885648250579834, 269
33.90572452545166, 269
33.92627310752869, 269
33.94681262969971, 269
33.96735739707947, 268
33.987905502319336, 269
34.00844621658325, 284
34.028979539871216, 266
34.049095153808594, 265
34.069626808166504, 258
34.0901563167572, 263
34.11069679260254, 265
34.131237745285034, 263
34.1517698764801, 259
34.17229652404785, 263
34.192837715148926, 264
34.213375091552734, 258
34.23339557647705, 282
34.25392198562622, 262
34.274452447891235, 262
34.295002698898315, 262
34.315550565719604, 264
34.33609938621521, 261
34.356635332107544, 285
34.37716817855835, 248
34.397709608078, 265
34.417744636535645, 262
34.438313484191895, 262
34.45886421203613, 262
34.47940635681152, 265
34.49995541572571, 265
34.52050042152405, 277
34.540597677230835, 265
34.5611310005188, 263
34.58166980743408, 259
34.60220170021057, 264
34.62273597717285, 263
34.64327383041382, 263
34.663822412490845, 254
34.68435478210449, 261
34.704893827438354, 262
34.72493314743042, 280
34.745460748672485, 260
34.7659957408905, 262
34.786537647247314, 261
34.80707049369812, 267
34.827601194381714, 264
34.848145961761475, 262
34.86868405342102, 253
34.889212131500244, 254
34.90925669670105, 262
34.92981266975403, 262
34.95035457611084, 262
34.97088599205017, 259
34.991432905197144, 261
35.01198196411133, 256
35.03252720832825, 270
35.05291724205017, 259
35.073456048965454, 260
35.093995571136475, 263
35.114540100097656, 260
35.134615421295166, 261
35.155163288116455, 259
35.1757128238678, 255
35.19624423980713, 261
35.21678924560547, 262
35.2373321056366, 283
35.25786232948303, 260
35.277929067611694, 261
35.29846692085266, 263
35.31899046897888, 237
35.33961486816406, 261
35.36017441749573, 264
35.380712270736694, 257
35.40075635910034, 258
35.42130494117737, 261
35.44188380241394, 261
35.462421894073486, 258
35.48296928405762, 260
35.5035126209259, 261
35.524049282073975, 258
35.54443836212158, 270
35.56499767303467, 259
35.585533618927, 262
35.60556936264038, 257
35.626110792160034, 259
35.64664340019226, 261
35.66718888282776, 259
35.68773674964905, 250
35.70827054977417, 261
35.728806257247925, 258
35.74934697151184, 256
35.769378662109375, 260
35.7899169921875, 260
35.810463428497314, 262
35.83102297782898, 264
35.85155701637268, 258
35.872087478637695, 260
35.892637968063354, 284
35.91316604614258, 274
35.93322014808655, 264
35.953755378723145, 263
35.974297523498535, 265
35.994847536087036, 266
36.01539707183838, 263
36.03594493865967, 266
36.05654215812683, 271
36.07706427574158, 266
36.09716820716858, 268
36.11772298812866, 258
36.138267993927, 268
36.158796310424805, 271
36.17934846878052, 273
36.19989347457886, 271
36.22041940689087, 273
36.24049258232117, 273
36.261035442352295, 266
36.28157591819763, 276
36.30211687088013, 275
36.32266402244568, 277
36.343196868896484, 290
36.363725662231445, 280
36.384276151657104, 278
36.404329776763916, 288
36.4248583316803, 277
36.445401191711426, 280
36.46594429016113, 283
36.48647975921631, 283
36.50703191757202, 281
36.527586698532104, 281
36.54765605926514, 286
36.56827998161316, 309
36.588818311691284, 280
36.60936880111694, 279
36.62991976737976, 282
36.65045499801636, 280
36.67049193382263, 281
36.691035747528076, 280
36.711578607559204, 277
36.73210597038269, 282
36.7526752948761, 280
36.773208141326904, 269
36.79373002052307, 279
36.814255475997925, 276
36.83479356765747, 277
36.85484766960144, 287
36.87538480758667, 281
36.89592981338501, 279
36.91648316383362, 272
36.93702793121338, 276
36.957587003707886, 277
36.97811412811279, 275
36.99864602088928, 277
37.01868987083435, 278
37.0392427444458, 293
37.059863567352295, 309
37.08039450645447, 341
37.10093951225281, 334
37.121469497680664, 341
37.14200973510742, 349
37.162050008773804, 359
37.18259596824646, 367
37.20312857627869, 372
37.22366404533386, 376
37.244192123413086, 375
37.264721632003784, 380
37.28526592254639, 375
37.30579996109009, 377
37.326340675354004, 377
37.34638571739197, 373
37.36694049835205, 376
37.38751816749573, 374
37.40807342529297, 372
37.428627252578735, 392
37.44914937019348, 354
37.46969485282898, 371
37.48974013328552, 372
37.51031422615051, 368
37.53085446357727, 372
37.551406145095825, 370
37.57199239730835, 363
37.59253406524658, 378
37.612595558166504, 369
37.633129596710205, 370
37.65367341041565, 393
37.6742057800293, 370
37.69473361968994, 372
37.71529269218445, 372
37.73582744598389, 369
37.75635552406311, 373
37.77688908576965, 376
37.79693007469177, 382
37.81746292114258, 373
37.83799362182617, 376
37.85853981971741, 375
37.879087686538696, 378
37.899614334106445, 378
37.92017436027527, 378
37.940722703933716, 372
37.96125912666321, 364
37.98128414154053, 363
38.00195288658142, 355
38.02248930931091, 347
38.04303598403931, 341
38.06362271308899, 331
38.08368492126465, 320
38.10423040390015, 293
38.124781131744385, 288
38.145320415496826, 275
38.165849447250366, 275
38.186373233795166, 273
38.20692682266235, 274
38.22745323181152, 277
38.24799394607544, 298
38.268532514572144, 276
38.288562536239624, 276
38.309085845947266, 275
38.32963156700134, 276
38.35016417503357, 277
38.370699405670166, 275
38.391258001327515, 281
38.41178560256958, 276
38.431817293167114, 277
38.45235824584961, 262
38.47291088104248, 279
38.49344301223755, 275
38.51398706436157, 276
38.534531354904175, 278
38.5550651550293, 277
38.57544755935669, 276
38.59600305557251, 270
38.61654758453369, 287
38.63661313056946, 275
38.65715503692627, 276
38.67769169807434, 271
38.698232650756836, 273
38.718778133392334, 272
38.739349603652954, 273
38.759889125823975, 270
38.78042387962341, 271
38.800456285476685, 269
38.82100558280945, 277
38.841545820236206, 267
38.86207437515259, 267
38.88260841369629, 264
38.903151512145996, 265
38.92368030548096, 262
38.944215059280396, 262
38.9647696018219, 282
38.985307693481445, 263
39.00533390045166, 259
39.025893449783325, 260
39.04642605781555, 258
39.06695365905762, 258
39.08770513534546, 257
39.107768058776855, 261
39.12830066680908, 255
39.14885234832764, 256
39.16940402984619, 257
39.18994617462158, 256
39.2104914188385, 254
39.23105192184448, 254
39.251105308532715, 252
39.27163004875183, 248
39.292189836502075, 253
39.312737464904785, 251
39.33329939842224, 251
39.35384917259216, 251
39.37388038635254, 252
39.39441204071045, 252
39.414952516555786, 251
39.43549823760986, 249
39.45603322982788, 250
39.476579904556274, 249
39.497124671936035, 270
39.51766514778137, 249
39.53823184967041, 249
39.55829167366028, 247
39.57900357246399, 247
39.59955668449402, 249
39.6201057434082, 246
39.6402108669281, 244
39.660754919052124, 248
39.68129825592041, 245
39.70185661315918, 248
39.72240209579468, 244
39.742971897125244, 243
39.76350498199463, 244
39.78353452682495, 243
39.8040828704834, 242
39.82461881637573, 245
39.845173835754395, 235
39.86571717262268, 243
39.88625907897949, 242
39.90682911872864, 242
39.9268913269043, 243
39.94742512702942, 242
39.96796441078186, 242
39.98853015899658, 234
40.00905919075012, 243
40.02959394454956, 240
40.050140142440796, 241
40.07067322731018, 242
40.091129302978516, 243
40.11168575286865, 243
40.13174319267273, 243
40.15227150917053, 237
40.17284870147705, 240
40.19340467453003, 243
40.21393656730652, 242
40.23451781272888, 242
40.2545690536499, 242
40.275110721588135, 240
40.2956862449646, 237
40.316229820251465, 243
40.33679008483887, 241
40.35734820365906, 241
40.37788486480713, 241
40.39793610572815, 242
40.418479442596436, 241
40.43903303146362, 242
40.459588289260864, 242
40.480132818222046, 242
40.500667572021484, 238
40.52121424674988, 261
40.54174542427063, 241
40.56178426742554, 240
40.58231854438782, 242
40.60323143005371, 240
40.623271226882935, 239
40.64380884170532, 245
40.66436171531677, 229
40.684895515441895, 241
40.70544624328613, 238
40.72600817680359, 240
40.74654006958008, 238
40.766581773757935, 239
40.787110805511475, 239
40.8076491355896, 234
40.828216314315796, 240
40.84876298904419, 240
40.869319915771484, 238
40.889880657196045, 239
40.9100558757782, 238
40.93061661720276, 230
40.95115947723389, 239
40.971729040145874, 237
40.99230456352234, 239
41.012362241744995, 240
41.03291320800781, 237
41.05371403694153, 238
41.073785066604614, 241
41.094515323638916, 257
41.11504817008972, 239
41.135605812072754, 237
41.15565514564514, 237
41.17618656158447, 237
41.19671416282654, 237
41.217249155044556, 239
41.23777198791504, 226
41.25832223892212, 236
41.27888894081116, 235
41.29945111274719, 233
41.319722414016724, 237
41.340336561203, 238
41.360888719558716, 235
41.38093423843384, 235
41.401573181152344, 236
41.4222514629364, 235
41.442779541015625, 236
41.463294982910156, 237
41.48382258415222, 236
41.50388431549072, 238
41.52441048622131, 237
41.544952154159546, 234
41.565483808517456, 236
41.58602166175842, 220
41.60661196708679, 225
41.6271436214447, 238
41.64718317985535, 238
41.667725801467896, 252
41.688255310058594, 237
41.708791732788086, 238
41.72933745384216, 239
41.74989867210388, 233
41.77043628692627, 244
41.790985345840454, 237
41.81103754043579, 235
41.83157563209534, 241
41.8521363735199, 241
41.87268877029419, 239
41.89325761795044, 249
41.913800954818726, 242
41.93433880805969, 246
41.95440077781677, 254
41.974950551986694, 240
41.99550652503967, 246
42.01604604721069, 245
42.03660297393799, 249
42.05714774131775, 247
42.077680826187134, 249
42.097756147384644, 251
42.118327617645264, 239
42.13886046409607, 249
42.15938901901245, 251
42.179924726486206, 267
42.20045232772827, 253
42.22097992897034, 254
42.241520166397095, 255
42.26204299926758, 254
42.28219699859619, 254
42.302651166915894, 256
42.32329320907593, 257
42.343984842300415, 259
42.36419916152954, 260
42.38474225997925, 261
42.40527844429016, 262
42.42582631111145, 262
42.44637370109558, 263
42.466405391693115, 278
42.486936807632446, 256
42.5074987411499, 267
42.52802801132202, 269
42.54858660697937, 267
42.56912899017334, 268
42.589672803878784, 270
42.609776735305786, 270
42.630332946777344, 289
42.65086126327515, 269
42.67139673233032, 270
42.6919367313385, 265
42.71246385574341, 271
42.733001470565796, 272
42.753556966781616, 269
42.774104595184326, 271
42.79414081573486, 272
42.814682960510254, 271
42.83523082733154, 269
42.85576415061951, 272
42.8763165473938, 273
42.896870851516724, 272
42.917431116104126, 282
42.93748068809509, 271
42.9580295085907, 270
42.9785840511322, 268
42.99914741516113, 270
43.0196897983551, 271
43.040225982666016, 270
43.06078624725342, 268
43.080817222595215, 271
43.10134530067444, 267
43.12180781364441, 275
43.142351388931274, 273
43.16287875175476, 295
43.18341636657715, 318
43.203970432281494, 317
43.224496841430664, 342
43.24505805969238, 353
43.26512432098389, 364
43.28565740585327, 398
43.30621361732483, 370
43.326751708984375, 374
43.347307443618774, 365
43.36787176132202, 373
43.38839888572693, 371
43.40894055366516, 370
43.42949295043945, 372
43.44953989982605, 367
43.47008037567139, 368
43.49062418937683, 387
43.5111780166626, 368
43.53171133995056, 368
43.55224895477295, 368
43.57279706001282, 364
43.59282827377319, 365
43.61343455314636, 366
43.63397836685181, 346
43.65453100204468, 383
43.67505884170532, 365
43.69562745094299, 367
43.71618175506592, 368
43.73622989654541, 366
43.756771087646484, 366
43.77733540534973, 367
43.797893047332764, 362
43.81843614578247, 369
43.83898949623108, 367
43.85902738571167, 365
43.87958240509033, 367
43.900136947631836, 370
43.92066931724548, 368
43.94122362136841, 374
43.96178078651428, 372
43.982319593429565, 371
44.00288152694702, 379
44.022926807403564, 372
44.04345107078552, 374
44.06399059295654, 373
44.08452796936035, 371
44.105061531066895, 366
44.125495195388794, 363
44.14604640007019, 359
44.16657304763794, 344
44.18710899353027, 340
44.20765542984009, 335
44.227723598480225, 315
44.248257875442505, 314
44.268794298172, 301
44.289310455322266, 289
44.309842586517334, 275
44.33030915260315, 274
44.35099506378174, 271
44.37153649330139, 270
44.391571044921875, 272
44.41213321685791, 271
44.432668924331665, 275
44.45321273803711, 276
44.47375845909119, 273
44.4942991733551, 274
44.514838457107544, 268
44.53487467765808, 271
44.555408000946045, 276
44.57594132423401, 273
44.59649419784546, 274
44.61708426475525, 275
44.637643814086914, 273
44.6581871509552, 273
44.67875266075134, 266
44.69879341125488, 274
44.719332456588745, 276
44.73990321159363, 284
44.760430335998535, 276
44.7810001373291, 278
44.80155968666077, 257
44.82211923599243, 268
44.84215497970581, 276
44.862698554992676, 277
44.883261919021606, 275
44.903804540634155, 277
44.92434644699097, 277
44.94487428665161, 281
44.96542692184448, 255
44.98595643043518, 277
45.00598216056824, 276
45.02654504776001, 299
45.04708695411682, 301
45.06761980056763, 274
45.0881621837616, 276
45.108712673187256, 276
45.129310131073, 274
45.14934706687927, 277
45.16989731788635, 258
45.19042444229126, 275
45.21105599403381, 275
45.23164486885071, 274
45.25216746330261, 274
45.27229285240173, 273
45.29281997680664, 270
45.31331133842468, 273
45.33384966850281, 263
45.354442834854126, 270
45.37502932548523, 268
45.395564556121826, 261
45.41561317443848, 265
45.436158418655396, 266
45.45669627189636, 268
45.4772367477417, 245
45.49776577949524, 266
45.51829433441162, 265
45.5388298034668, 280
45.55937719345093, 255
45.5794095993042, 264
45.599947929382324, 262
45.62050127983093, 264
45.641114473342896, 261
45.66165041923523, 265
45.68221044540405, 256
45.70274233818054, 280
45.722774267196655, 261
45.74332880973816, 262
45.76388502120972, 278
45.78442192077637, 264
45.804972887039185, 264
45.82553172111511, 245
45.84607243537903, 250
45.8661162853241, 263
45.886637687683105, 263
45.90717649459839, 263
45.92771768569946, 263
45.94825601577759, 260
45.96879839897156, 265
45.98933529853821, 239
46.00983476638794, 264
46.03036880493164, 264
46.05046081542969, 282
46.07100200653076, 262
46.09152865409851, 264
46.11206245422363, 265
46.13269019126892, 265
46.1528697013855, 262
46.17341923713684, 263
46.19428515434265, 260
46.2144410610199, 278
46.23477816581726, 264
46.25531768798828, 264
46.27585959434509, 271
46.296393156051636, 262
46.316940784454346, 261
46.337488412857056, 263
46.358039140701294, 249
46.378582239151, 259
46.39862132072449, 261
46.41916060447693, 261
46.43970465660095, 260
46.46023178100586, 260
46.48076367378235, 260
46.501320600509644, 262
46.521851539611816, 260
46.5423858165741, 261
46.56242775917053, 249
46.58295774459839, 260
46.60349369049072, 262
46.62403178215027, 263
46.6446590423584, 260
46.66519784927368, 262
46.68572807312012, 261
46.70577430725098, 262
46.72633075714111, 258
46.74689531326294, 261
46.767449617385864, 261
46.78799629211426, 261
46.80856227874756, 259
46.82911014556885, 261
46.84916067123413, 259
46.86973547935486, 248
46.89027404785156, 259
46.91081786155701, 261
46.93137884140015, 259
46.95193648338318, 260
46.972474813461304, 259
46.9925217628479, 260
47.013083934783936, 233
47.0336172580719, 260
47.05415940284729, 259
47.07472562789917, 279
47.09527349472046, 258
47.115803956985474, 258
47.13634467124939, 259
47.1565260887146, 259
47.17707657814026, 259
47.19760322570801, 261
47.21779131889343, 261
47.23844766616821, 281
47.259087324142456, 259
47.279311656951904, 260
47.299864768981934, 267
47.3204300403595, 261
47.340978384017944, 260
47.36151456832886, 262
47.38206434249878, 279
47.40211009979248, 261
47.42264127731323, 264
47.443169355392456, 264
47.463712215423584, 267
47.48424506187439, 266
47.50479865074158, 265
47.52536392211914, 268
47.54589867591858, 266
47.566431760787964, 269
47.58651256561279, 266
47.60704445838928, 270
47.62757897377014, 271
47.64816761016846, 270
47.668726682662964, 252
47.68926215171814, 276
47.709309577941895, 277
47.72986125946045, 286
47.750410318374634, 269
47.770976066589355, 279
47.79150938987732, 279
47.81207752227783, 280
47.83262395858765, 280
47.85316181182861, 278
47.87321710586548, 280
47.89375305175781, 278
47.91430687904358, 283
47.93485426902771, 281
47.955411434173584, 280
47.975966930389404, 278
47.99650692939758, 281
48.01705813407898, 278
48.03706908226013, 282
48.05762434005737, 279
48.078158378601074, 277
48.098700523376465, 299
48.1189489364624, 276
48.13965845108032, 279
48.16024947166443, 279
48.180811405181885, 280
48.20085167884827, 281
48.22141194343567, 275
48.241963386535645, 265
48.26252770423889, 263
48.28306984901428, 276
48.303605794906616, 277
48.32414269447327, 277
48.34468388557434, 277
48.36472964286804, 274
48.38526487350464, 277
48.40582776069641, 266
48.42637085914612, 279
48.44690465927124, 295
48.46743607521057, 304
48.487990379333496, 320
48.50851917266846, 332
48.52855205535889, 343
48.54911470413208, 353
48.569642543792725, 360
48.59018325805664, 368
48.61073184013367, 370
48.631280183792114, 377
48.65188479423523, 380
48.67193937301636, 379
48.6924843788147, 374
48.71301746368408, 376
48.73357105255127, 373
48.754117012023926, 364
48.77465581893921, 384
48.79518795013428, 373
48.81573796272278, 373
48.83580040931702, 379
48.85633444786072, 372
48.87687587738037, 370
48.89742684364319, 374
48.91796946525574, 392
48.93853425979614, 370
48.95905542373657, 368
48.97910976409912, 365
48.99967980384827, 369
49.02020978927612, 369
49.04076051712036, 369
49.061338663101196, 365
49.081871032714844, 371
49.102405071258545, 371
49.1224467754364, 394
49.14297127723694, 374
49.16347932815552, 375
49.184016942977905, 375
49.204567193984985, 374
49.225322246551514, 374
49.24556756019592, 378
49.26610541343689, 395
49.28664708137512, 381
49.307193994522095, 380
49.32772779464722, 376
49.3477578163147, 358
49.36829662322998, 371
49.388824701309204, 359
49.4093542098999, 354
49.42990255355835, 342
49.45043110847473, 336
49.47096347808838, 327
49.49152684211731, 330
49.51205348968506, 298
49.53208637237549, 283
49.552629232406616, 275
49.57318043708801, 274
49.59371209144592, 271
49.614261865615845, 273
49.6348135471344, 290
49.655351638793945, 272
49.67549705505371, 274
49.69603753089905, 276
49.71661114692688, 276
49.737159729003906, 276
49.75770092010498, 273
49.77825951576233, 267
49.79879713058472, 276
49.818856954574585, 274
49.839390993118286, 275
49.85993242263794, 278
49.88046932220459, 273
49.90100073814392, 278
49.92155933380127, 280
49.94209694862366, 294
49.962130069732666, 276
49.982685565948486, 275
50.003236055374146, 293
50.02376890182495, 276
50.04429626464844, 273
50.06485414505005, 274
50.085386991500854, 273
50.105912923812866, 272
50.126487255096436, 272
50.146504402160645, 270
50.16728758811951, 271
50.187825441360474, 268
50.208362340927124, 267
50.22889852523804, 268
50.24915051460266, 266
50.26969861984253, 267
50.2902410030365, 257
50.31079578399658, 265
50.330843687057495, 263
50.35138559341431, 263
50.37191891670227, 262
50.39246392250061, 259
50.41299533843994, 260
50.43352937698364, 260
50.45406985282898, 273
50.47460222244263, 259
50.49464130401611, 257
50.5151948928833, 278
50.53572177886963, 258
50.556257247924805, 257
50.576810121536255, 256
50.59734392166138, 276
50.61787748336792, 254
50.638431549072266, 254
50.65848731994629, 254
50.67909336090088, 253
50.699623823165894, 254
50.720173358917236, 252
50.740745067596436, 261
50.7612886428833, 251
50.781837940216064, 250
50.80187797546387, 236
50.822434186935425, 261
50.84300398826599, 250
50.86355948448181, 252
50.88413119316101, 251
50.90470051765442, 249
50.924734592437744, 246
50.94529867172241, 248
50.96584177017212, 244
50.98637509346008, 246
51.006916999816895, 247
51.02746891975403, 245
51.04799962043762, 247
51.06853675842285, 246
51.08908009529114, 243
51.10911798477173, 248
51.12963604927063, 245
51.150293827056885, 245
51.17084717750549, 262
51.1914496421814, 241
51.21148085594177, 243
51.232011795043945, 241
51.25255584716797, 242
51.27331829071045, 242
51.2935848236084, 244
51.31412410736084, 241
51.33439326286316, 239
51.35494136810303, 242
51.37547540664673, 244
51.396013259887695, 243
51.41656804084778, 242
51.4371018409729, 242
51.45762753486633, 243
51.47817039489746, 235
51.49821209907532, 241
51.51874494552612, 245
51.53930163383484, 242
51.55985999107361, 242
51.58039331436157, 242
51.600921630859375, 240
51.62147307395935, 237
51.641505002975464, 241
51.66204810142517, 243
51.68264293670654, 234
51.70318818092346, 239
51.72374153137207, 241
51.744296073913574, 242
51.76484560966492, 246
51.78487825393677, 241
51.80542612075806, 240
51.82597899436951, 243
51.84651803970337, 243
51.867066383361816, 243
51.88767766952515, 241
51.90774631500244, 242
51.928279399871826, 240
51.948808908462524, 240
51.969353437423706, 241
51.98990273475647, 223
52.01043653488159, 240
52.03099727630615, 237
52.05155348777771, 254
52.07158708572388, 238
52.09213352203369, 240
52.112682819366455, 237
52.13322854042053, 234
52.1537823677063, 238
52.17433190345764, 239
52.194921016693115, 237
52.21547555923462, 238
52.23553466796875, 236
52.25609040260315, 237
52.27664542198181, 246
52.297179222106934, 237
52.31770849227905, 237
52.338258028030396, 255
52.35881733894348, 238
52.378844261169434, 240
52.39937901496887, 237
52.420111894607544, 237
52.440272092819214, 238
52.4610857963562, 234
52.48136782646179, 238
52.5019052028656, 250
52.52247500419617, 234
52.54302000999451, 236
52.56357932090759, 224
52.58363389968872, 236
52.6041624546051, 236
52.62471294403076, 236
52.64527368545532, 234
52.66582202911377, 235
52.68619632720947, 235
52.70674395561218, 231
52.72729229927063, 235
52.74784445762634, 232
52.76837372779846, 235
52.78842234611511, 234
52.80895805358887, 234
52.82949471473694, 234
52.850048780441284, 234
52.87061333656311, 230
52.89114856719971, 234
52.91168165206909, 235
52.932238817214966, 238
52.95227289199829, 239
52.97280025482178, 238
52.99334907531738, 237
53.01391100883484, 252
53.03444457054138, 234
53.054993629455566, 237
53.07556128501892, 225
53.09560227394104, 237
53.116145849227905, 237
53.136688232421875, 238
53.1572527885437, 235
53.1778028011322, 235
53.19841122627258, 238
53.2189724445343, 258
53.239023208618164, 238
53.25956702232361, 239
53.28009819984436, 240
53.30064082145691, 248
53.32121133804321, 239
53.34173941612244, 243
53.36228036880493, 238
53.382333278656006, 231
53.402876138687134, 246
53.423444986343384, 243
53.4440016746521, 244
53.464534282684326, 245
53.485071420669556, 245
53.50560975074768, 254
53.52613377571106, 243
53.54626202583313, 249
53.56683897972107, 247
53.58737850189209, 259
53.60791063308716, 250
53.628461837768555, 252
53.649001359939575, 253
53.66904425621033, 260
53.689576625823975, 251
53.71027112007141, 255
53.73082685470581, 251
53.751368284225464, 259
53.77191424369812, 257
53.79196310043335, 258
53.81252694129944, 259
53.83307933807373, 261
53.85361909866333, 261
53.874162912368774, 287
53.894712924957275, 263
53.91525101661682, 263
53.935290575027466, 264
53.95583462715149, 267
53.97637629508972, 264
53.9969425201416, 269
54.01748991012573, 270
54.038047552108765, 268
54.05860233306885, 268
54.07874584197998, 269
54.0992968082428, 264
54.119847774505615, 268
54.140403509140015, 269
54.160951375961304, 270
54.18147921562195, 264
54.20155644416809, 269
54.22212362289429, 269
54.24269390106201, 261
54.263240575790405, 267
54.28378939628601, 273
54.304325342178345, 272
54.32487511634827, 272
54.34491753578186, 272
54.365440130233765, 267
54.38597321510315, 265
54.406495571136475, 268
54.42692589759827, 267
54.447455167770386, 268
54.46801018714905, 270
54.488383054733276, 270
54.50891900062561, 268
54.529502153396606, 250
54.55008673667908, 270
54.57042098045349, 287
54.59096884727478, 306
54.61150240898132, 313
54.63206219673157, 338
54.652109146118164, 347
54.67265272140503, 358
54.6932098865509, 365
54.713820934295654, 373
54.734349966049194, 371
54.754897594451904, 370
54.77545356750488, 369
54.79549503326416, 369
54.81603169441223, 367
54.8365752696991, 372
54.85710954666138, 369
54.87764096260071, 368
54.898186683654785, 386
54.918742418289185, 363
54.93928027153015, 365
54.95931935310364, 364
54.9798629283905, 363
55.000399351119995, 362
55.020936727523804, 365
55.04147911071777, 343
55.062052488327026, 362
55.08259105682373, 362
55.1031174659729, 364
55.123169898986816, 363
55.14371633529663, 364
55.1642541885376, 365
55.18478727340698, 365
55.205374240875244, 361
55.225932359695435, 368
55.24646067619324, 369
55.266539335250854, 366
55.28707695007324, 366
55.30761408805847, 368
55.32814049720764, 368
55.34868049621582, 372
55.36921787261963, 369
55.38974094390869, 370
55.41028094291687, 365
55.430814266204834, 371
55.450844526290894, 371
55.47149920463562, 371
55.49202823638916, 372
55.512566566467285, 369
55.53270864486694, 363
55.553508281707764, 343
55.57403826713562, 371
55.59460806846619, 342
55.61520433425903, 336
55.635231494903564, 329
55.656102895736694, 318
55.676453828811646, 305
55.69699001312256, 293
55.71709108352661, 279
55.737648010253906, 274
55.758190870285034, 272
55.778727769851685, 267
55.79927468299866, 271
55.819812536239624, 272
55.840346574783325, 273
55.86089777946472, 249
55.88092875480652, 271
55.901461601257324, 273
55.92201352119446, 273
55.94255876541138, 271
55.963080406188965, 272
55.98362159729004, 272
56.00415825843811, 274
56.02468681335449, 273
56.0447416305542, 276
56.0652871131897, 280
56.08584237098694, 257
56.10637545585632, 277
56.126927852630615, 276
56.147488594055176, 266
56.16805863380432, 277
56.18860220909119, 276
56.20864510536194, 278
56.22929263114929, 270
56.249858379364014, 278
56.27038502693176, 277
56.290940284729004, 278
56.31147265434265, 275
56.33152675628662, 277
56.352075815200806, 278
56.37261462211609, 279
56.393147706985474, 277
56.41369557380676, 278
56.43424582481384, 277
56.45477890968323, 275
56.475316762924194, 278
56.4953351020813, 278
56.51589798927307, 277
56.53628945350647, 277
56.557172775268555, 276
56.57756972312927, 281
56.598002910614014, 275
56.618531942367554, 273
56.63911294937134, 275
56.65914964675903, 274
56.67971444129944, 273
56.700263261795044, 273
56.72087264060974, 272
56.741426944732666, 267
56.761990547180176, 267
56.78203010559082, 269
56.80257439613342, 259
56.8231303691864, 292
56.843658685684204, 268
56.86419463157654, 268
56.88473892211914, 270
56.90528082847595, 265
56.92581272125244, 265
56.945862770080566, 256
56.96641159057617, 286
56.98694062232971, 265
57.0074737071991, 264
57.02802586555481, 263
57.0485577583313, 263
57.069114685058594, 265
57.08966040611267, 250
57.10970687866211, 255
57.13025140762329, 264
57.15080165863037, 261
57.17136001586914, 252
57.191919803619385, 264
57.21244502067566, 264
57.233052492141724, 262
57.25310492515564, 259
57.273656606674194, 262
57.294188499450684, 263
57.31474256515503, 272
57.33530139923096, 263
57.35583281517029, 265
57.376383781433105, 264
57.39644479751587, 243
57.41698098182678, 266
57.43752455711365, 263
57.45807242393494, 254
57.478593826293945, 260
57.49916982650757, 263
57.5197172164917, 263
57.54025912284851, 262
57.560282707214355, 263
57.580867290496826, 262
57.601409673690796, 246
57.621936321258545, 261
57.64235210418701, 260
57.66288495063782, 263
57.6834237575531, 275
57.703977823257446, 262
57.72451591491699, 262
57.74488663673401, 262
57.76542329788208, 257
57.785950899124146, 261
57.80599546432495, 260
57.82654881477356, 257
57.84710144996643, 253
57.86763286590576, 260
57.88818073272705, 259
57.90872001647949, 261
57.9292528629303, 261
57.949788093566895, 258
57.97033333778381, 276
57.990402936935425, 256
58.01093077659607, 261
58.031506061553955, 259
58.05207014083862, 260
58.07262873649597, 258
58.09317493438721, 260
58.113709926605225, 278
58.13375926017761, 245
58.15430021286011, 261
58.174834966659546, 261
58.195401430130005, 275
58.21593761444092, 257
58.23657274246216, 260
58.25662875175476, 259
58.277185916900635, 258
58.2977180480957, 257
58.31825566291809, 257
58.33879375457764, 259
58.35932755470276, 257
58.37985587120056, 257
58.40039348602295, 260
58.420445919036865, 263
58.44097948074341, 255
58.461525678634644, 256
58.482067823410034, 243
58.50261092185974, 251
58.523154735565186, 258
58.54369926452637, 257
58.564276456832886, 258
58.58431839942932, 260
58.60486078262329, 259
58.62542271614075, 256
58.645978689193726, 246
58.66651773452759, 258
58.68705153465271, 258
58.707592487335205, 259
58.72763466835022, 257
58.748536825180054, 261
58.768590450286865, 261
58.789135217666626, 286
58.809666872024536, 260
58.830201387405396, 261
58.85074520111084, 262
58.871278524398804, 261
58.891818046569824, 266
58.912344217300415, 263
58.93286895751953, 265
58.95290994644165, 264
58.97347640991211, 268
58.994025230407715, 284
59.01457071304321, 267
59.035175800323486, 268
59.05557203292847, 268
59.07611656188965, 269
59.096657276153564, 273
59.11719083786011, 272
59.137734174728394, 274
59.15778946876526, 290
59.178338050842285, 276
59.198869705200195, 278
59.21941328048706, 291
59.23979830741882, 277
59.26054096221924, 279
59.28061318397522, 276
59.30115628242493, 267
59.32169842720032, 279
59.342228412628174, 281
59.36277461051941, 275
59.383320569992065, 278
59.40385460853577, 279
59.42440938949585, 282
59.44445729255676, 284
59.46497845649719, 278
59.48551535606384, 278
59.50607466697693, 274
59.52666687965393, 275
59.54720163345337, 279
59.567747592926025, 278
59.587822675704956, 278
59.60836887359619, 278
59.62890982627869, 276
59.64944863319397, 280
59.67000222206116, 270
59.690547466278076, 277
59.71108365058899, 277
59.731626749038696, 277
59.751723289489746, 275
59.77225470542908, 276
59.79280424118042, 273
59.81334733963013, 302
59.83387327194214, 273
59.854405641555786, 275
59.874995946884155, 275
59.89502549171448, 295
59.91556239128113, 311
59.93610405921936, 325
59.95663022994995, 337
59.97727012634277, 344
59.99783754348755, 353
60.018394470214844, 360
